bowler,matches,balls,runs_conceded,wickets,dot_balls,overs,economy,bowling_average,strike_rate,wickets_per_match,four_wicket_hauls,five_wicket_hauls,death_wickets
YS Chahal,112,2424,3063,139,865,404.0,7.58,22.04,17.44,1.24,2,0,29
HV Patel,77,1624,2293,99,559,270.4,8.47,23.16,16.4,1.29,3,1,53
Mohammed Siraj,87,1820,2610,83,758,303.2,8.6,31.45,21.93,0.95,1,0,35
R Vinay Kumar,63,1311,1842,72,472,218.3,8.43,25.58,18.21,1.14,1,0,33
JR Hazlewood,40,906,1333,60,384,151.0,8.83,22.22,15.1,1.5,3,0,23
Z Khan,43,1002,1312,49,405,167.0,7.86,26.78,20.45,1.14,1,0,21
A Kumble,42,965,1058,45,374,160.5,6.58,23.51,21.44,1.07,3,1,17
S Aravind,38,760,1039,45,290,126.4,8.2,23.09,16.89,1.18,2,0,15
B Kumar,30,690,984,45,265,115.0,8.56,21.87,15.33,1.5,1,0,18
PWH de Silva,26,552,748,35,202,92.0,8.13,21.37,15.77,1.35,2,1,9
MA Starc,26,580,693,34,232,96.4,7.17,20.38,17.06,1.31,1,0,17
P Kumar,38,836,1140,34,339,139.2,8.18,33.53,24.59,0.89,0,0,17
DW Steyn,33,754,922,32,348,125.4,7.34,28.81,23.56,0.97,0,0,14
KH Pandya,30,579,804,31,169,96.3,8.33,25.94,18.68,1.03,1,0,5
Yash Dayal,29,595,928,28,207,99.1,9.36,33.14,21.25,0.97,0,0,13
UT Yadav,27,588,871,28,242,98.0,8.89,31.11,21.0,1.04,0,0,4
SR Watson,24,500,730,25,168,83.2,8.76,29.2,20.0,1.04,1,0,17
JH Kallis,41,824,1140,23,284,137.2,8.3,49.57,35.83,0.56,0,0,7
VR Aaron,23,466,703,21,182,77.4,9.05,33.48,22.19,0.91,0,0,8
M Muralitharan,21,474,561,21,160,79.0,7.1,26.71,22.57,1.0,0,0,5
P Negi,18,284,348,20,113,47.2,7.35,17.4,14.2,1.11,0,0,7
Rasikh Salam,14,293,475,20,95,48.5,9.73,23.75,14.65,1.43,1,0,10
Washington Sundar,31,570,682,19,190,95.0,7.18,35.89,30.0,0.61,0,0,3
GJ Maxwell,29,398,523,18,139,66.2,7.88,29.06,22.11,0.62,0,0,1
Navdeep Saini,28,592,834,18,254,98.4,8.45,46.33,32.89,0.64,0,0,10
DL Vettori,22,520,547,17,185,86.4,6.31,32.18,30.59,0.77,0,0,4
Suyash Sharma,26,545,818,17,164,90.5,9.01,48.12,32.06,0.65,0,0,3
KV Sharma,16,273,477,17,76,45.3,10.48,28.06,16.06,1.06,0,0,2
D Wiese,14,278,402,16,79,46.2,8.68,25.12,17.38,1.14,1,0,7
R Rampaul,12,268,309,16,130,44.4,6.92,19.31,16.75,1.33,0,0,4
Shahbaz Ahmed,27,372,567,14,94,62.0,9.15,40.5,26.57,0.52,0,0,4
RP Singh,11,239,335,13,88,39.5,8.41,25.77,18.38,1.18,0,0,11
JD Unadkat,13,294,370,13,102,49.0,7.55,28.46,22.62,1.0,1,1,5
R Shepherd,20,234,449,13,60,39.0,11.51,34.54,18.0,0.65,0,0,5
Vijaykumar Vyshak,11,231,395,13,63,38.3,10.26,30.38,17.77,1.18,0,0,6
CH Gayle,24,340,428,13,119,56.4,7.55,32.92,26.15,0.54,0,0,7
Iqbal Abdulla,15,294,418,12,87,49.0,8.53,34.83,24.5,0.8,0,0,3
RE van der Merwe,11,228,275,11,61,38.0,7.24,25.0,20.73,1.0,0,0,4
CJ Jordan,9,168,258,11,49,28.0,9.21,23.45,15.27,1.22,1,0,4
CH Morris,9,190,210,11,89,31.4,6.63,19.09,17.27,1.22,1,0,8
C Green,13,211,303,10,70,35.1,8.62,30.3,21.1,0.77,0,0,2
MM Ali,17,259,308,10,97,43.1,7.14,30.8,25.9,0.59,0,0,0
WD Parnell,7,151,236,9,55,25.1,9.38,26.22,16.78,1.29,0,0,2
M Kartik,11,234,284,9,71,39.0,7.28,31.56,26.0,0.82,0,0,2
LH Ferguson,7,144,255,9,38,24.0,10.62,28.33,16.0,1.29,0,0,3
KP Appanna,13,216,286,9,68,36.0,7.94,31.78,24.0,0.69,1,0,0
KA Jamieson,9,168,269,9,69,28.0,9.61,29.89,18.67,1.0,0,0,2
JA Duffy,6,144,263,9,54,24.0,10.96,29.22,16.0,1.5,0,0,0
S Badree,7,150,188,9,62,25.0,7.52,20.89,16.67,1.29,1,0,0
J Syed Mohammad,11,192,283,8,47,32.0,8.84,35.38,24.0,0.73,0,0,1
CR Woakes,5,110,190,8,44,18.2,10.36,23.75,13.75,1.6,0,0,6
I Udana,10,174,282,8,45,29.0,9.72,35.25,21.75,0.8,0,0,3
KW Richardson,5,102,165,8,39,17.0,9.71,20.62,12.75,1.6,0,0,4
KP Pietersen,10,138,162,7,44,23.0,7.04,23.14,19.71,0.7,0,0,2
A Mithun,16,288,472,7,90,48.0,9.83,67.43,41.14,0.44,0,0,4
MC Henriques,8,127,185,7,50,21.1,8.74,26.43,18.14,0.88,0,0,0
Akash Deep,8,164,319,7,55,27.2,11.67,45.57,23.43,0.88,0,0,1
B Akhil,12,176,220,6,56,29.2,7.5,36.67,29.33,0.5,0,0,2
MG Bracewell,5,66,95,6,26,11.0,8.64,15.83,11.0,1.2,0,0,0
AB McDonald,4,72,78,6,22,12.0,6.5,13.0,12.0,1.5,0,0,1
Swapnil Singh,7,90,133,6,27,15.0,8.87,22.17,15.0,0.86,0,0,0
TG Southee,11,228,379,6,74,38.0,9.97,63.17,38.0,0.55,0,0,3
Yuvraj Singh,10,136,187,5,33,22.4,8.25,37.4,27.2,0.5,1,0,0
TS Mills,5,107,153,5,41,17.5,8.58,30.6,21.4,1.0,0,0,2
RJW Topley,5,102,182,5,38,17.0,10.71,36.4,20.4,1.0,0,0,2
A Choudhary,5,101,144,5,42,16.5,8.55,28.8,20.2,1.0,0,0,1
P Parameswaran,3,60,87,5,23,10.0,8.7,17.4,12.0,1.67,0,0,3
STR Binny,15,138,184,5,37,23.0,8.0,36.8,27.6,0.33,0,0,0
CK Langeveldt,3,66,84,5,27,11.0,7.64,16.8,13.2,1.67,0,0,2
AB Dinda,11,216,332,5,68,36.0,9.22,66.4,43.2,0.45,0,0,1
DT Christian,11,136,210,4,42,22.4,9.26,52.5,34.0,0.36,0,0,0
L Ngidi,2,48,81,4,13,8.0,10.12,20.25,12.0,2.0,0,0,2
JA Morkel,6,96,126,4,40,16.0,7.88,31.5,24.0,0.67,0,0,0
Pankaj Singh,5,90,146,4,33,15.0,9.73,36.5,22.5,0.8,0,0,0
S Dube,7,64,81,4,16,10.4,7.59,20.25,16.0,0.57,0,0,3
V Kohli,26,251,368,4,52,41.5,8.8,92.0,62.75,0.15,0,0,1
D du Preez,2,42,56,4,18,7.0,8.0,14.0,10.5,2.0,0,0,0
DJ Willey,8,156,177,4,60,26.0,6.81,44.25,39.0,0.5,0,0,0
AN Ahmed,7,158,241,4,51,26.2,9.15,60.25,39.5,0.57,0,0,2
AF Milne,5,108,177,4,32,18.0,9.83,44.25,27.0,0.8,0,0,3
Abhinandan Singh,3,58,122,3,15,9.4,12.62,40.67,19.33,1.0,0,0,2
CJ Anderson,3,52,115,3,14,8.4,13.27,38.33,17.33,1.0,0,0,2
K Khejroliya,5,95,153,3,25,15.5,9.66,51.0,31.67,0.6,0,0,1
GHS Garton,5,90,135,3,31,15.0,9.0,45.0,30.0,0.6,0,0,1
T Shamsi,4,96,147,3,26,16.0,9.19,49.0,32.0,0.75,0,0,1
R Ninan,2,36,65,3,8,6.0,10.83,21.67,12.0,1.5,0,0,0
M Ashwin,2,42,53,3,19,7.0,7.57,17.67,14.0,1.5,0,0,0
JD Ryder,5,102,115,3,40,17.0,6.76,38.33,34.0,0.6,0,0,0
JJ van der Wath,3,72,129,3,29,12.0,10.75,43.0,24.0,1.0,0,0,2
B Stanlake,2,48,70,2,17,8.0,8.75,35.0,24.0,1.0,0,0,0
A Zampa,3,66,92,2,20,11.0,8.36,46.0,33.0,0.67,0,0,0
DP Nannes,2,24,31,2,11,4.0,7.75,15.5,12.0,1.0,0,0,1
MP Stoinis,6,100,145,2,30,16.4,8.7,72.5,50.0,0.33,0,0,0
TM Head,5,48,81,2,7,8.0,10.12,40.5,24.0,0.4,0,0,2
C de Grandhomme,10,120,184,2,25,20.0,9.2,92.0,60.0,0.2,0,0,0
LS Livingstone,5,54,76,2,10,9.0,8.44,38.0,27.0,0.4,0,0,1
Sachin Baby,2,10,8,2,5,1.4,4.8,4.0,5.0,1.0,0,0,2
WG Jacks,5,54,100,2,11,9.0,11.11,50.0,27.0,0.4,0,0,0
TM Dilshan,12,120,195,1,25,20.0,9.75,195.0,120.0,0.08,0,0,0
SB Joshi,4,55,82,1,18,9.1,8.95,82.0,55.0,0.25,0,0,1
AA Noffke,1,24,40,1,6,4.0,10.0,40.0,24.0,1.0,0,0,1
Avesh Khan,1,24,23,1,11,4.0,5.75,23.0,24.0,1.0,0,0,0
Parvez Rasool,4,84,129,1,22,14.0,9.21,129.0,84.0,0.25,0,0,0
N Thushara,1,24,26,1,9,4.0,6.5,26.0,24.0,1.0,0,0,0
ND Doshi,1,24,17,1,14,4.0,4.25,17.0,24.0,1.0,0,0,1
Mayank Dagar,5,71,120,1,21,11.5,10.14,120.0,71.0,0.2,0,0,0
DR Sams,2,36,39,1,15,6.0,6.5,39.0,36.0,0.5,0,0,0
AS Joseph,3,58,115,1,16,9.4,11.9,115.0,58.0,0.33,0,0,0
DJG Sammy,2,18,25,0,2,3.0,8.33,,,0.0,0,0,0
H Sharma,2,30,57,0,2,5.0,11.4,,,0.0,0,0,0
Abdur Razzak,1,12,29,0,5,2.0,14.5,,,0.0,0,0,0
CL White,2,12,43,0,2,2.0,21.5,,,0.0,0,0,0
AUK Pathan,3,39,63,0,9,6.3,9.69,,,0.0,0,0,0
AA Kazi,1,12,21,0,2,2.0,10.5,,,0.0,0,0,0
LRPL Taylor,1,6,13,0,0,1.0,13.0,,,0.0,0,0,0
MK Lomror,5,30,53,0,7,5.0,10.6,,,0.0,0,0,0
RR Bhatkal,1,12,35,0,0,2.0,17.5,,,0.0,0,0,0
P Ray Barman,1,24,56,0,2,4.0,14.0,,,0.0,0,0,0
S Rana,2,12,16,0,3,2.0,8.0,,,0.0,0,0,0
S Kaul,1,24,43,0,6,4.0,10.75,,,0.0,0,0,0
SB Jakati,1,22,41,0,4,3.4,11.18,,,0.0,0,0,0
S Sriram,1,12,24,0,2,2.0,12.0,,,0.0,0,0,0
SA Abbott,2,30,57,0,6,5.0,11.4,,,0.0,0,0,0
TH David,1,6,18,0,1,1.0,18.0,,,0.0,0,0,0
