impact_rank,player,role,matches,batting_impact,bowling_impact,overall_impact,experience_score,player_impact_score
1,V Kohli,Batter,275,85.96,0.0,85.96,100.0,87.36
2,YS Chahal,Bowler,112,0.0,85.96,85.96,81.88,85.55
3,HV Patel,Bowler,77,0.0,79.79,79.79,74.35,79.24
4,Mohammed Siraj,Bowler,87,0.0,70.24,70.24,76.8,70.9
5,R Vinay Kumar,Bowler,63,0.0,65.14,65.14,70.34,65.66
6,JR Hazlewood,Bowler,40,0.0,62.2,62.2,61.3,62.11
7,A Kumble,Bowler,42,0.0,60.95,60.95,62.27,61.08
8,AB de Villiers,Batter,144,58.07,0.0,58.07,86.94,60.95
9,Z Khan,Bowler,43,0.0,57.52,57.52,62.73,58.04
10,CH Gayle,Batter,84,54.74,0.0,54.74,76.1,56.88
11,S Aravind,Bowler,38,0.0,55.63,55.63,60.29,56.1
12,B Kumar,Bowler,30,0.0,54.47,54.47,55.63,54.58
13,MA Starc,Bowler,26,0.0,53.1,53.1,52.82,53.07
14,PWH de Silva,Bowler,26,0.0,52.88,52.88,52.82,52.87
15,DW Steyn,Bowler,33,0.0,50.81,50.81,57.5,51.48
16,P Kumar,Bowler,38,0.0,50.28,50.28,60.29,51.28
17,KH Pandya,Bowler,30,0.0,47.56,47.56,55.63,48.36
18,SR Watson,Bowler,24,0.0,47.65,47.65,51.26,48.01
19,Yash Dayal,Bowler,29,0.0,45.64,45.64,54.96,46.58
20,UT Yadav,Bowler,27,0.0,45.07,45.07,53.56,45.92
21,P Negi,Bowler,18,0.0,45.83,45.83,45.69,45.81
22,M Muralitharan,Bowler,21,0.0,45.09,45.09,48.67,45.44
23,DL Vettori,Bowler,22,0.0,44.15,44.15,49.57,44.69
24,Washington Sundar,Bowler,31,0.0,43.21,43.21,56.27,44.51
25,CH Morris,Bowler,9,0.0,45.5,45.5,32.66,44.21
26,R Rampaul,Bowler,12,0.0,44.73,44.73,37.99,44.06
27,JD Unadkat,Bowler,13,0.0,44.53,44.53,39.49,44.02
28,VR Aaron,Bowler,23,0.0,43.16,43.16,50.43,43.88
29,Rasikh Salam,Bowler,14,0.0,44.15,44.15,40.89,43.82
30,Navdeep Saini,Bowler,28,0.0,42.53,42.53,54.27,43.71
31,D Wiese,Bowler,14,0.0,43.42,43.42,40.89,43.17
32,RP Singh,Bowler,11,0.0,42.56,42.56,36.36,41.94
33,RE van der Merwe,Bowler,11,0.0,41.72,41.72,36.36,41.18
34,RM Patidar,Batter,52,37.87,0.0,37.87,66.51,40.73
35,S Badree,Bowler,7,0.0,42.12,42.12,28.14,40.72
36,Suyash Sharma,Bowler,26,0.0,39.24,39.24,52.82,40.6
37,Shahbaz Ahmed,Bowler,27,0.0,38.85,38.85,53.56,40.32
38,CJ Jordan,Bowler,9,0.0,41.12,41.12,32.66,40.27
39,KP Appanna,Bowler,13,0.0,40.26,40.26,39.49,40.18
40,Iqbal Abdulla,Bowler,15,0.0,39.48,39.48,42.2,39.75
41,M Kartik,Bowler,11,0.0,40.03,40.03,36.36,39.67
42,KV Sharma,Bowler,16,0.0,39.21,39.21,43.43,39.63
43,C Green,Bowler,13,0.0,39.19,39.19,39.49,39.22
44,Vijaykumar Vyshak,Bowler,11,0.0,38.88,38.88,36.36,38.63
45,F du Plessis,Batter,45,35.81,0.0,35.81,63.64,38.59
46,B Akhil,Bowler,12,0.0,38.29,38.29,37.99,38.26
47,ND Doshi,Bowler,1,0.0,42.26,42.26,0.0,38.03
48,R Shepherd,Bowler,20,0.0,36.87,36.87,47.72,37.95
49,CK Langeveldt,Bowler,3,0.0,40.45,40.45,14.07,37.81
50,MG Bracewell,Bowler,5,0.0,39.37,39.37,22.3,37.66
51,STR Binny,Bowler,15,0.0,37.03,37.03,42.2,37.55
52,WD Parnell,Bowler,7,0.0,38.59,38.59,28.14,37.55
53,KA Jamieson,Bowler,9,0.0,38.05,38.05,32.66,37.51
54,J Syed Mohammad,Bowler,11,0.0,37.42,37.42,36.36,37.31
55,KW Richardson,Bowler,5,0.0,38.95,38.95,22.3,37.29
56,Swapnil Singh,Bowler,7,0.0,38.3,38.3,28.14,37.28
57,P Parameswaran,Bowler,3,0.0,39.41,39.41,14.07,36.88
58,I Udana,Bowler,10,0.0,36.95,36.95,34.6,36.71
59,CR Woakes,Bowler,5,0.0,38.31,38.31,22.3,36.71
60,D du Preez,Bowler,2,0.0,39.77,39.77,8.23,36.62
61,JA Morkel,Bowler,6,0.0,37.69,37.69,25.43,36.47
62,DP Nannes,Bowler,2,0.0,39.5,39.5,8.23,36.37
63,M Ashwin,Bowler,2,0.0,39.49,39.49,8.23,36.37
64,A Choudhary,Bowler,5,0.0,37.87,37.87,22.3,36.31
65,DJ Willey,Bowler,8,0.0,36.93,36.93,30.53,36.29
66,D Padikkal,Batter,54,32.81,0.0,32.81,67.26,36.25
67,TS Mills,Bowler,5,0.0,37.77,37.77,22.3,36.23
68,LH Ferguson,Bowler,7,0.0,37.05,37.05,28.14,36.16
69,Avesh Khan,Bowler,1,0.0,39.83,39.83,0.0,35.85
70,GJ Maxwell,Batter,50,31.92,0.0,31.92,65.73,35.3
71,JA Duffy,Bowler,6,0.0,36.21,36.21,25.43,35.13
72,N Thushara,Bowler,1,0.0,38.71,38.71,0.0,34.84
73,VR Iyer,Batter,6,35.77,0.0,35.77,25.43,34.74
74,TH David,Batter,25,32.7,0.0,32.7,52.06,34.63
75,A Mithun,Bowler,16,0.0,33.22,33.22,43.43,34.24
76,L Ngidi,Bowler,2,0.0,37.03,37.03,8.23,34.15
77,AA Kazi,Bowler,1,0.0,37.78,37.78,0.0,34.0
78,DT Christian,Bowler,11,0.0,33.67,33.67,36.36,33.94
79,Pankaj Singh,Bowler,5,0.0,35.21,35.21,22.3,33.92
80,H Sharma,Bowler,2,0.0,36.73,36.73,8.23,33.88
81,S Kaul,Bowler,1,0.0,37.53,37.53,0.0,33.78
82,RJW Topley,Bowler,5,0.0,34.91,34.91,22.3,33.65
83,GHS Garton,Bowler,5,0.0,34.73,34.73,22.3,33.48
84,AF Milne,Bowler,5,0.0,34.68,34.68,22.3,33.44
85,TG Southee,Bowler,11,0.0,33.06,33.06,36.36,33.39
86,SB Jakati,Bowler,1,0.0,37.01,37.01,0.0,33.31
87,MM Ali,All-Rounder,17,23.06,40.4,31.73,44.59,33.01
88,Akash Deep,Bowler,8,0.0,33.27,33.27,30.53,33.0
89,B Stanlake,Bowler,2,0.0,35.72,35.72,8.23,32.97
90,AB Dinda,Bowler,11,0.0,32.58,32.58,36.36,32.96
91,R Ninan,Bowler,2,0.0,35.44,35.44,8.23,32.72
92,AN Ahmed,Bowler,7,0.0,33.22,33.22,28.14,32.71
93,A Zampa,Bowler,3,0.0,34.61,34.61,14.07,32.56
94,T Shamsi,Bowler,4,0.0,33.97,33.97,18.6,32.44
95,PD Salt,Batter,19,30.74,0.0,30.74,46.73,32.34
96,K Khejroliya,Bowler,5,0.0,33.29,33.29,22.3,32.19
97,KD Karthik,Batter,53,27.92,0.0,27.92,66.89,31.81
98,MP Stoinis,Batter,10,31.32,0.0,31.32,34.6,31.64
99,Gurkeerat Singh,Batter,8,30.41,0.0,30.41,30.53,30.42
100,JH Kallis,Batter,42,26.6,0.0,26.6,62.27,30.17
101,Abhinandan Singh,Bowler,3,0.0,31.75,31.75,14.07,29.99
102,Abdur Razzak,Bowler,1,0.0,33.17,33.17,0.0,29.86
103,KL Rahul,Batter,14,28.35,0.0,28.35,40.89,29.6
104,WG Jacks,Batter,8,29.4,0.0,29.4,30.53,29.51
105,LRPL Taylor,Batter,22,25.97,0.0,25.97,49.57,28.33
106,AB McDonald,All-Rounder,4,16.67,42.13,29.4,18.6,28.32
107,SB Joshi,Bowler,4,0.0,29.27,29.27,18.6,28.2
108,Yuvraj Singh,Batter,14,26.43,0.0,26.43,40.89,27.88
109,R Dravid,Batter,37,23.93,0.0,23.93,59.76,27.51
110,MC Henriques,Batter,9,26.68,0.0,26.68,32.66,27.27
111,PA Patel,Batter,32,23.57,0.0,23.57,56.89,26.9
112,RV Uthappa,Batter,27,23.9,0.0,23.9,53.56,26.87
113,RR Bhatkal,Bowler,1,0.0,29.64,29.64,0.0,26.67
114,KP Pietersen,Batter,13,25.05,0.0,25.05,39.49,26.49
115,JM Sharma,Batter,23,23.8,0.0,23.8,50.43,26.46
116,MV Boucher,Batter,21,23.45,0.0,23.45,48.67,25.97
117,MK Pandey,Batter,17,23.82,0.0,23.82,44.59,25.9
118,KM Jadhav,Batter,17,23.34,0.0,23.34,44.59,25.46
119,JD Ryder,All-Rounder,5,14.16,37.42,25.79,22.3,25.44
120,KS Bharat,Batter,6,25.21,0.0,25.21,25.43,25.23
121,Mandeep Singh,Batter,31,21.78,0.0,21.78,56.27,25.22
122,TM Dilshan,Batter,24,22.27,0.0,22.27,51.26,25.17
123,TM Head,Batter,10,23.41,0.0,23.41,34.6,24.53
124,MA Agarwal,Batter,28,21.12,0.0,21.12,54.27,24.44
125,SN Khan,Batter,17,22.08,0.0,22.08,44.59,24.33
126,MK Lomror,Batter,25,21.19,0.0,21.19,52.06,24.28
127,S Sriram,All-Rounder,1,17.65,36.04,26.85,0.0,24.16
128,SS Tiwary,Batter,30,19.99,0.0,19.99,55.63,23.55
129,Mayank Dagar,Bowler,5,0.0,23.48,23.48,22.3,23.36
130,SA Abbott,All-Rounder,2,12.63,36.78,24.71,8.23,23.06
131,DJG Sammy,All-Rounder,2,8.54,40.29,24.42,8.23,22.8
132,Parvez Rasool,Bowler,4,0.0,22.8,22.8,18.6,22.38
133,JJ van der Wath,All-Rounder,3,12.93,33.52,23.22,14.07,22.31
134,Anuj Rawat,Batter,20,19.38,0.0,19.38,47.72,22.22
135,DR Sams,All-Rounder,2,10.72,36.78,23.75,8.23,22.2
136,C de Grandhomme,Batter,12,20.29,0.0,20.29,37.99,22.06
137,AS Joseph,Bowler,3,0.0,22.85,22.85,14.07,21.97
138,Q de Kock,Batter,8,20.6,0.0,20.6,30.53,21.59
139,P Ray Barman,All-Rounder,1,13.59,33.72,23.66,0.0,21.29
140,BB McCullum,Batter,6,20.63,0.0,20.63,25.43,21.11
141,AJ Finch,Batter,12,18.8,0.0,18.8,37.99,20.72
142,JG Bethell,Batter,9,19.33,0.0,19.33,32.66,20.67
143,AA Noffke,All-Rounder,1,10.94,33.73,22.33,0.0,20.1
144,Misbah-ul-Haq,Batter,8,18.88,0.0,18.88,30.53,20.04
145,CL White,Batter,13,17.57,0.0,17.57,39.49,19.76
146,Sachin Baby,Batter,10,18.06,0.0,18.06,34.6,19.71
147,S Dube,Batter,13,17.42,0.0,17.42,39.49,19.63
148,S Rana,Batter,7,18.68,0.0,18.68,28.14,19.63
149,CJ Anderson,All-Rounder,3,8.72,31.34,20.03,14.07,19.43
150,LS Livingstone,Batter,8,17.9,0.0,17.9,30.53,19.16
151,AUK Pathan,Batter,7,17.49,0.0,17.49,28.14,18.56
152,SO Hetmyer,Batter,5,17.62,0.0,17.62,22.3,18.08
153,YV Takawale,Batter,5,17.55,0.0,17.55,22.3,18.02
154,SP Goswami,Batter,6,17.01,0.0,17.01,25.43,17.85
155,SS Prabhudessai,Batter,10,15.29,0.0,15.29,34.6,17.22
156,W Jaffer,Batter,8,15.64,0.0,15.64,30.53,17.13
157,JR Philippe,Batter,5,15.89,0.0,15.89,22.3,16.53
158,MS Bisla,Batter,2,17.29,0.0,17.29,8.23,16.38
159,LA Pomersbach,Batter,4,15.96,0.0,15.96,18.6,16.23
160,CA Pujara,Batter,10,13.78,0.0,13.78,34.6,15.86
161,M Vohra,Batter,4,15.22,0.0,15.22,18.6,15.55
162,M Kaif,Batter,5,14.68,0.0,14.68,22.3,15.44
163,EJG Morgan,Batter,4,14.29,0.0,14.29,18.6,14.72
164,AD Nath,Batter,5,13.76,0.0,13.76,22.3,14.62
165,VH Zol,Batter,2,14.83,0.0,14.83,8.23,14.17
166,KB Arun Karthik,Batter,7,12.54,0.0,12.54,28.14,14.1
167,RR Rossouw,Batter,5,12.94,0.0,12.94,22.3,13.87
168,A Mukund,Batter,1,14.56,0.0,14.56,0.0,13.11
169,Saurav Chauhan,Batter,3,12.51,0.0,12.51,14.07,12.66
170,R Bishnoi,Batter,3,11.95,0.0,11.95,14.07,12.16
171,J Arunkumar,Batter,3,11.37,0.0,11.37,14.07,11.64
172,SE Rutherford,Batter,2,11.65,0.0,11.65,8.23,11.31
173,NJ Maddinson,Batter,3,10.6,0.0,10.6,14.07,10.94
174,DT Patil,Batter,2,10.92,0.0,10.92,8.23,10.65
175,S Chanderpaul,Batter,3,9.95,0.0,9.95,14.07,10.36
176,H Klaasen,Batter,2,10.2,0.0,10.2,8.23,10.0
177,Vishnu Vinod,Batter,3,8.6,0.0,8.6,14.07,9.15
178,B Chipli,Batter,3,8.56,0.0,8.56,14.07,9.11
179,KK Nair,Batter,2,8.06,0.0,8.06,8.23,8.07
180,MS Bhandage,Batter,1,2.5,0.0,2.5,0.0,2.25
