batter,matches,runs,balls,fours,sixes,innings,fifties,hundreds,thirty_plus,strike_rate,dismissals,average,runs_per_innings
V Kohli,275,9346,6911,847,317,277,68,9,135,135.23,231,40.46,33.74
AB de Villiers,144,4510,2829,363,240,146,37,2,59,159.42,109,41.38,30.89
CH Gayle,84,3175,2063,249,240,86,19,5,37,153.9,73,43.49,36.92
F du Plessis,45,1636,1110,156,70,45,15,0,21,147.39,43,38.05,36.36
RM Patidar,52,1612,978,106,110,52,14,1,23,164.83,48,33.58,31.0
D Padikkal,54,1595,1143,166,60,54,11,1,26,139.55,51,31.27,29.54
GJ Maxwell,50,1266,792,114,69,50,12,0,18,159.85,44,28.77,25.32
JH Kallis,42,1132,1003,127,21,42,10,0,13,112.86,36,31.44,26.95
KD Karthik,53,937,572,82,53,53,3,0,10,163.81,38,24.66,17.68
R Dravid,37,898,730,97,17,37,4,0,13,123.01,34,26.41,24.27
PA Patel,32,731,559,98,15,32,4,0,10,130.77,29,25.21,22.84
PD Salt,19,605,347,64,33,19,6,0,10,174.35,18,33.61,31.84
Mandeep Singh,31,597,463,54,21,31,2,0,7,128.94,27,22.11,19.26
TM Dilshan,24,587,531,78,8,24,5,0,9,110.55,21,27.95,24.46
RV Uthappa,27,549,388,39,30,27,4,0,5,141.49,23,23.87,20.33
MA Agarwal,28,528,400,51,24,28,1,0,7,132.0,26,20.31,18.86
LRPL Taylor,22,517,362,35,31,22,2,0,7,142.82,17,30.41,23.5
TH David,25,493,261,38,37,25,2,0,6,188.89,13,37.92,19.72
SS Tiwary,30,487,459,26,17,30,1,0,5,106.1,20,24.35,16.23
KL Rahul,14,417,287,41,16,14,4,0,7,145.3,11,37.91,29.79
MK Pandey,17,417,342,44,11,17,0,1,6,121.93,14,29.79,24.53
MV Boucher,21,388,301,32,13,21,1,0,6,128.9,13,29.85,18.48
JM Sharma,23,377,242,33,23,23,1,0,3,155.79,16,23.56,16.39
Yuvraj Singh,14,376,274,22,28,14,3,0,5,137.23,11,34.18,26.86
MK Lomror,25,346,221,25,21,25,1,0,5,156.56,21,16.48,13.84
KH Pandya,16,335,238,29,15,16,2,0,4,140.76,12,27.92,20.94
KP Pietersen,13,329,241,31,10,13,2,0,4,136.51,10,32.9,25.31
Shahbaz Ahmed,25,321,272,21,12,25,0,0,3,118.01,19,16.89,12.84
KM Jadhav,17,321,224,28,12,17,1,0,4,143.3,12,26.75,18.88
Anuj Rawat,20,318,266,26,14,20,1,0,2,119.55,15,21.2,15.9
MM Ali,17,309,195,21,23,17,3,0,4,158.46,15,20.6,18.18
AJ Finch,12,268,239,28,8,12,1,0,3,112.13,12,22.33,22.33
C Green,12,255,178,22,10,12,0,0,5,143.26,8,31.88,21.25
SR Watson,22,250,212,20,13,22,0,0,3,117.92,19,13.16,11.36
R Vinay Kumar,28,237,204,16,7,28,0,0,0,116.18,18,13.17,8.46
WG Jacks,8,230,130,16,18,8,1,1,3,176.92,7,32.86,28.75
SN Khan,17,228,142,26,7,17,0,0,3,160.56,11,20.73,13.41
MP Stoinis,10,211,156,14,10,10,0,0,3,135.26,4,52.75,21.1
VR Iyer,6,209,112,21,13,6,1,0,3,186.61,4,52.25,34.83
Washington Sundar,20,208,182,17,6,20,0,0,2,114.29,15,13.87,10.4
TM Head,10,205,147,12,8,10,1,0,4,139.46,7,29.29,20.5
Q de Kock,8,201,162,20,8,8,1,0,2,124.07,8,25.12,25.12
KS Bharat,6,191,154,10,8,6,1,0,3,124.03,5,38.2,31.83
P Kumar,23,181,152,11,12,23,0,0,1,119.08,17,10.65,7.87
C de Grandhomme,12,177,132,8,12,12,0,0,3,134.09,8,22.12,14.75
Gurkeerat Singh,8,169,150,19,2,8,1,0,1,112.67,3,56.33,21.12
S Dube,13,169,138,6,12,13,0,0,0,122.46,10,16.9,13.0
MC Henriques,9,165,124,20,3,9,0,0,1,133.06,4,41.25,18.33
JG Bethell,9,163,116,21,6,9,1,0,1,140.52,9,18.11,18.11
CL White,13,162,133,11,7,13,0,0,2,121.8,9,18.0,12.46
P Negi,16,156,128,11,7,16,0,0,2,121.88,14,11.14,9.75
HV Patel,28,155,125,12,8,28,0,0,1,124.0,20,7.75,5.54
R Shepherd,10,153,88,11,12,10,1,0,1,173.86,6,25.5,15.3
CA Pujara,10,143,152,19,1,10,1,0,1,94.08,10,14.3,14.3
SP Goswami,6,143,155,17,1,6,1,0,2,92.26,6,23.83,23.83
Sachin Baby,10,141,108,11,5,10,0,0,1,130.56,8,17.62,14.1
STR Binny,12,141,115,11,7,12,0,0,0,122.61,9,15.67,11.75
W Jaffer,8,130,121,14,3,8,1,0,2,107.44,8,16.25,16.25
D Wiese,8,127,89,12,4,8,0,0,1,142.7,4,31.75,15.88
BB McCullum,6,127,87,16,6,6,0,0,3,145.98,6,21.17,21.17
SS Prabhudessai,10,126,105,11,4,10,0,0,1,120.0,10,12.6,12.6
RE van der Merwe,9,123,100,8,8,9,0,0,2,123.0,9,13.67,13.67
Misbah-ul-Haq,8,117,81,10,6,8,0,0,2,144.44,7,16.71,14.62
LS Livingstone,8,112,84,4,9,8,1,0,1,133.33,7,16.0,14.0
Mohammed Siraj,20,109,117,10,4,20,0,0,0,93.16,10,10.9,5.45
YV Takawale,5,104,91,17,1,5,0,0,2,114.29,5,20.8,20.8
MA Starc,11,96,98,10,0,11,0,0,0,97.96,7,13.71,8.73
SO Hetmyer,5,90,73,4,7,5,1,0,1,123.29,5,18.0,18.0
JR Philippe,5,78,77,9,1,5,0,0,2,101.3,4,19.5,15.6
S Rana,7,73,64,7,1,7,0,0,0,114.06,3,24.33,10.43
PWH de Silva,14,72,73,7,1,14,0,0,0,98.63,10,7.2,5.14
Z Khan,13,67,83,7,0,13,0,0,0,80.72,8,8.38,5.15
KA Jamieson,7,65,55,5,3,7,0,0,0,118.18,4,16.25,9.29
B Akhil,10,63,46,5,4,10,0,0,0,136.96,5,12.6,6.3
Iqbal Abdulla,5,62,50,8,1,5,0,0,1,124.0,2,31.0,12.4
AD Nath,5,61,57,5,2,5,0,0,0,107.02,5,12.2,12.2
TG Southee,5,61,55,5,1,5,0,0,1,110.91,2,30.5,12.2
S Aravind,10,59,57,7,0,10,0,0,0,103.51,4,14.75,5.9
MG Bracewell,4,58,47,6,1,4,0,0,0,123.4,2,29.0,14.5
JD Ryder,5,56,48,9,0,5,0,0,1,116.67,5,11.2,11.2
M Kaif,5,55,49,6,0,5,0,0,0,112.24,4,13.75,11.0
M Vohra,4,55,47,2,4,4,0,0,1,117.02,4,13.75,13.75
DL Vettori,10,54,54,4,2,10,0,0,0,100.0,5,10.8,5.4
RR Rossouw,5,53,51,3,3,5,0,0,0,103.92,5,10.6,10.6
DJ Willey,5,53,62,7,0,5,0,0,0,85.48,2,26.5,10.6
LA Pomersbach,4,51,39,4,2,4,0,0,0,130.77,4,12.75,12.75
R Rampaul,7,51,49,3,2,7,0,0,0,104.08,5,10.2,7.29
B Kumar,10,48,51,4,1,10,0,0,0,94.12,3,16.0,4.8
KB Arun Karthik,7,48,46,4,1,7,0,0,0,104.35,5,9.6,6.86
AB McDonald,4,47,37,6,2,4,0,0,1,127.03,3,15.67,11.75
JA Morkel,5,45,41,1,3,5,0,0,0,109.76,3,15.0,9.0
VR Aaron,4,41,36,2,2,4,0,0,0,113.89,1,41.0,10.25
AUK Pathan,7,39,23,5,2,7,0,0,0,169.57,5,7.8,5.57
MS Bisla,2,37,30,6,1,2,0,0,0,123.33,2,18.5,18.5
Swapnil Singh,5,37,21,3,3,5,0,0,0,176.19,2,18.5,7.4
EJG Morgan,4,35,30,2,1,4,0,0,0,116.67,3,11.67,8.75
A Kumble,15,35,47,3,0,15,0,0,0,74.47,3,11.67,2.33
KV Sharma,6,35,23,2,3,6,0,0,0,152.17,6,5.83,5.83
A Mithun,6,34,26,4,1,6,0,0,0,130.77,5,6.8,5.67
CH Morris,5,34,21,2,3,5,0,0,0,161.9,4,8.5,6.8
SE Rutherford,2,33,50,1,1,2,0,0,0,66.0,2,16.5,16.5
YS Chahal,16,32,78,0,0,16,0,0,0,41.03,6,5.33,2.0
Navdeep Saini,6,31,35,3,0,6,0,0,0,88.57,3,10.33,5.17
J Syed Mohammad,5,29,26,4,0,5,0,0,0,111.54,2,14.5,5.8
VH Zol,2,29,26,3,1,2,0,0,0,111.54,2,14.5,14.5
UT Yadav,11,28,38,3,1,11,0,0,0,73.68,7,4.0,2.55
S Sriram,1,27,29,3,0,1,0,0,0,93.1,1,27.0,27.0
A Choudhary,3,25,20,1,1,3,0,0,0,125.0,1,25.0,8.33
S Chanderpaul,3,25,31,4,0,3,0,0,0,80.65,3,8.33,8.33
J Arunkumar,3,23,23,5,0,3,0,0,0,100.0,3,7.67,7.67
DT Christian,9,20,38,1,0,9,0,0,0,52.63,8,2.5,2.22
NJ Maddinson,3,20,21,4,0,3,0,0,0,95.24,3,6.67,6.67
B Chipli,3,20,28,3,0,3,0,0,0,71.43,3,6.67,6.67
Akash Deep,3,19,12,2,1,3,0,0,0,158.33,2,9.5,6.33
A Mukund,1,19,21,1,0,1,0,0,0,90.48,1,19.0,19.0
Vishnu Vinod,3,19,26,1,1,3,0,0,0,73.08,3,6.33,6.33
R Bishnoi,3,19,17,1,2,3,0,0,0,111.76,3,6.33,6.33
P Ray Barman,1,19,24,2,0,1,0,0,0,79.17,1,19.0,19.0
JR Hazlewood,8,19,30,1,0,8,0,0,0,63.33,1,19.0,2.38
Saurav Chauhan,3,18,15,1,1,3,0,0,0,120.0,3,6.0,6.0
JJ van der Wath,3,18,16,1,1,3,0,0,0,112.5,2,9.0,6.0
CR Woakes,4,17,19,1,1,4,0,0,0,89.47,2,8.5,4.25
CJ Anderson,3,17,22,0,1,3,0,0,0,77.27,3,5.67,5.67
DW Steyn,8,16,27,2,0,8,0,0,0,59.26,6,2.67,2.0
SA Abbott,2,15,13,1,1,2,0,0,0,115.38,2,7.5,7.5
I Udana,4,15,11,1,1,4,0,0,0,136.36,3,5.0,3.75
AN Ahmed,4,14,6,3,0,4,0,0,0,233.33,1,14.0,3.5
Vijaykumar Vyshak,4,14,12,0,1,4,0,0,0,116.67,2,7.0,3.5
S Badree,5,13,23,0,0,5,0,0,0,56.52,5,2.6,2.6
DT Patil,2,13,13,1,0,2,0,0,0,100.0,2,6.5,6.5
DJG Sammy,2,13,18,0,0,2,0,0,0,72.22,2,6.5,6.5
D du Preez,1,10,13,0,0,1,0,0,0,76.92,1,10.0,10.0
Parvez Rasool,1,10,9,1,0,1,0,0,0,111.11,1,10.0,10.0
KK Nair,2,9,12,0,0,2,0,0,0,75.0,2,4.5,4.5
H Klaasen,2,9,9,0,0,2,0,0,0,100.0,2,4.5,4.5
AA Noffke,1,9,10,1,0,1,0,0,0,90.0,1,9.0,9.0
CK Langeveldt,1,8,8,0,1,1,0,0,0,100.0,1,8.0,8.0
TS Mills,3,8,11,0,1,3,0,0,0,72.73,3,2.67,2.67
AF Milne,3,7,12,0,0,3,0,0,0,58.33,2,3.5,2.33
M Muralitharan,2,6,9,0,0,2,0,0,0,66.67,2,3.0,3.0
SB Joshi,2,6,14,0,0,2,0,0,0,42.86,2,3.0,3.0
DR Sams,2,6,6,0,0,2,0,0,0,100.0,1,6.0,3.0
AB Dinda,3,4,12,0,0,3,0,0,0,33.33,1,4.0,1.33
Yash Dayal,3,4,8,0,0,3,0,0,0,50.0,2,2.0,1.33
CJ Jordan,1,3,4,0,0,1,0,0,0,75.0,1,3.0,3.0
RJW Topley,1,3,6,0,0,1,0,0,0,50.0,0,,3.0
R Ninan,1,3,5,0,0,1,0,0,0,60.0,1,3.0,3.0
Rasikh Salam,1,3,2,0,0,1,0,0,0,150.0,0,,3.0
Pankaj Singh,3,2,4,0,0,3,0,0,0,50.0,2,1.0,0.67
GHS Garton,2,2,4,0,0,2,0,0,0,50.0,1,2.0,1.0
JD Unadkat,2,2,2,0,0,2,0,0,0,100.0,0,,1.0
M Kartik,2,2,3,0,0,2,0,0,0,66.67,1,2.0,1.0
WD Parnell,1,2,5,0,0,1,0,0,0,40.0,1,2.0,2.0
KP Appanna,3,2,4,0,0,3,0,0,0,50.0,1,2.0,0.67
KW Richardson,1,1,1,0,0,1,0,0,0,100.0,0,,1.0
M Ashwin,1,1,2,0,0,1,0,0,0,50.0,1,1.0,1.0
LH Ferguson,1,1,1,0,0,1,0,0,0,100.0,1,1.0,1.0
MS Bhandage,1,1,4,0,0,1,0,0,0,25.0,1,1.0,1.0
Abdur Razzak,1,0,2,0,0,1,0,0,0,0.0,0,,0.0
Mayank Dagar,1,0,1,0,0,1,0,0,0,0.0,1,0.0,0.0
L Ngidi,1,0,2,0,0,1,0,0,0,0.0,0,,0.0
RR Bhatkal,1,0,2,0,0,1,0,0,0,0.0,1,0.0,0.0
P Parameswaran,1,0,1,0,0,1,0,0,0,0.0,0,,0.0
