opponent_normalized,matches,wins,losses,no_results,decided_matches,win_percentage,runs_scored,wickets_taken,avg_runs_per_match
Punjab Kings,38,20,18,0,38,52.63,5860,208,154.21
Kolkata Knight Riders,36,16,20,0,36,44.44,5247,191,145.75
Mumbai Indians,36,16,19,1,35,45.71,5692,191,158.11
Chennai Super Kings,35,14,21,0,35,40.0,5300,190,151.43
Delhi Capitals,35,20,13,2,33,60.61,5259,196,150.26
Rajasthan Royals,34,17,15,2,32,53.12,4959,176,145.85
Sunrisers Hyderabad,27,12,14,1,26,46.15,4293,141,159.0
Deccan Chargers,11,5,6,0,11,45.45,1577,61,143.36
Gujarat Titans,10,6,4,0,10,60.0,1775,52,177.5
Lucknow Super Giants,8,5,3,0,8,62.5,1394,52,174.25
Pune Warriors,5,5,0,0,5,100.0,949,35,189.8
Gujarat Lions,5,3,2,0,5,60.0,895,32,179.0
Rising Pune Supergiant,4,2,2,0,4,50.0,580,22,145.0
Kochi Tuskers Kerala,2,2,0,0,2,100.0,272,12,136.0
