season,matches_played,wins,losses,no_results,decided_matches,win_percentage,total_runs,total_wickets
2007/08,14,4,10,0,14,28.57,1865,66
2009,16,9,7,0,16,56.25,2166,88
2009/10,16,8,8,0,16,50.0,2272,94
2011,16,10,6,0,16,62.5,2325,87
2012,15,8,7,0,15,53.33,2351,89
2013,16,8,6,2,14,57.14,2460,105
2014,14,5,9,0,14,35.71,1992,73
2015,16,8,6,2,14,57.14,2190,103
2016,16,9,7,0,16,56.25,2863,99
2017,13,3,10,0,13,23.08,1760,79
2018,14,6,8,0,14,42.86,2240,84
2019,14,5,8,1,13,38.46,2129,69
2020/21,15,6,8,1,14,42.86,2169,82
2021,15,9,6,0,15,60.0,2181,96
2022,16,9,7,0,16,56.25,2454,97
2023,14,7,7,0,14,50.0,2393,95
2024,15,7,8,0,15,46.67,2789,88
2025,15,11,4,0,15,73.33,2539,94
2026,16,11,5,0,16,68.75,2914,107
