season,player,batting_impact,bowling_impact,role,overall_impact,batting_matches,bowling_matches,matches,experience_score,player_impact_score,impact_rank
2007/08,R Dravid,89.77,0.0,Batter,89.77,14.0,0.0,14.0,100.0,90.8,1
2007/08,MV Boucher,87.5,0.0,Batter,87.5,10.0,0.0,10.0,88.55,87.6,2
2007/08,LRPL Taylor,87.95,0.0,Batter,87.95,4.0,0.0,4.0,59.43,85.1,3
2007/08,Misbah-ul-Haq,71.82,0.0,Batter,71.82,8.0,0.0,8.0,81.14,72.75,4
2007/08,P Kumar,61.36,77.89,All-Rounder,69.63,12.0,13.0,13.0,97.45,72.41,5
2007/08,W Jaffer,70.45,0.0,Batter,70.45,6.0,0.0,6.0,71.86,70.59,6
2007/08,Z Khan,40.23,85.26,All-Rounder,62.75,7.0,11.0,11.0,91.76,65.65,7
2007/08,V Kohli,65.0,57.89,All-Rounder,61.45,12.0,4.0,12.0,94.72,64.77,8
2007/08,JH Kallis,73.86,45.79,All-Rounder,59.83,11.0,11.0,11.0,91.76,63.02,9
2007/08,SP Goswami,62.27,0.0,Batter,62.27,3.0,0.0,3.0,51.19,61.16,10
2007/08,B Akhil,66.59,50.7,All-Rounder,58.65,7.0,6.0,7.0,76.79,60.46,11
2007/08,DW Steyn,17.95,92.81,All-Rounder,55.38,2.0,10.0,10.0,88.55,58.7,12
2007/08,R Vinay Kumar,46.82,65.18,All-Rounder,56.0,4.0,8.0,8.0,81.14,58.51,13
2007/08,A Kumble,34.09,62.72,All-Rounder,48.41,4.0,10.0,10.0,88.55,52.42,14
2007/08,CL White,65.91,7.89,All-Rounder,36.9,8.0,1.0,8.0,81.14,41.33,15
2007/08,DT Patil,39.09,0.0,Batter,39.09,2.0,0.0,2.0,40.57,39.24,16
2007/08,J Arunkumar,36.59,0.0,Batter,36.59,3.0,0.0,3.0,51.19,38.05,17
2007/08,S Chanderpaul,35.91,0.0,Batter,35.91,3.0,0.0,3.0,51.19,37.44,18
2007/08,AA Noffke,32.5,37.19,All-Rounder,34.85,1.0,1.0,1.0,25.6,33.92,19
2007/08,B Chipli,28.41,0.0,Batter,28.41,3.0,0.0,3.0,51.19,30.69,20
2007/08,SB Joshi,21.14,29.82,All-Rounder,25.48,2.0,4.0,4.0,59.43,28.88,21
2007/08,Abdur Razzak,14.77,10.53,All-Rounder,12.65,1.0,1.0,1.0,25.6,13.94,22
2009,MK Pandey,84.55,0.0,Batter,84.55,4.0,0.0,4.0,56.81,81.77,1
2009,R Dravid,77.73,0.0,Batter,77.73,12.0,0.0,12.0,90.53,79.01,2
2009,MV Boucher,74.32,0.0,Batter,74.32,9.0,0.0,9.0,81.27,75.01,3
2009,A Kumble,40.0,96.93,All-Rounder,68.46,6.0,16.0,16.0,100.0,71.62,4
2009,RE van der Merwe,65.91,71.23,All-Rounder,68.57,8.0,10.0,10.0,84.64,70.18,5
2009,JH Kallis,81.36,51.32,All-Rounder,66.34,15.0,14.0,15.0,97.86,69.49,6
2009,P Kumar,63.86,69.82,All-Rounder,66.84,8.0,13.0,13.0,93.15,69.47,7
2009,RV Uthappa,65.91,0.0,Batter,65.91,13.0,0.0,13.0,93.15,68.63,8
2009,KP Pietersen,56.59,70.26,All-Rounder,63.43,6.0,4.0,6.0,68.68,63.95,9
2009,R Vinay Kumar,45.68,64.47,All-Rounder,55.08,7.0,11.0,11.0,87.71,58.34,10
2009,B Akhil,44.77,67.02,All-Rounder,55.9,3.0,5.0,5.0,63.24,56.63,11
2009,LRPL Taylor,89.77,9.12,All-Rounder,49.45,11.0,1.0,11.0,87.71,53.27,12
2009,V Kohli,76.14,19.65,All-Rounder,47.89,13.0,3.0,13.0,93.15,52.42,13
2009,JD Ryder,51.36,49.39,All-Rounder,50.37,5.0,5.0,5.0,63.24,51.66,14
2009,SP Goswami,50.0,0.0,Batter,50.0,2.0,0.0,2.0,38.78,48.88,15
2009,R Bishnoi,43.41,0.0,Batter,43.41,3.0,0.0,3.0,48.93,43.96,16
2009,D du Preez,30.0,58.95,All-Rounder,44.47,1.0,2.0,2.0,38.78,43.9,17
2009,DW Steyn,16.14,51.49,All-Rounder,33.81,1.0,3.0,3.0,48.93,35.33,18
2009,W Jaffer,31.36,0.0,Batter,31.36,2.0,0.0,2.0,38.78,32.1,19
2009,KP Appanna,16.14,37.02,All-Rounder,26.58,1.0,5.0,5.0,63.24,30.24,20
2009,Pankaj Singh,22.95,32.63,All-Rounder,27.79,2.0,3.0,3.0,48.93,29.91,21
2009,KV Sharma,22.05,0.0,Batter,22.05,1.0,0.0,1.0,24.47,22.29,22
2009,A Mithun,0.0,11.23,Bowler,11.23,0.0,1.0,1.0,24.47,12.55,23
2009/10,RV Uthappa,91.25,0.0,Batter,91.25,14.0,0.0,14.0,95.58,91.68,1
2009/10,R Dravid,77.75,0.0,Batter,77.75,11.0,0.0,11.0,87.71,78.75,2
2009/10,JH Kallis,85.25,63.38,All-Rounder,74.32,16.0,16.0,16.0,100.0,76.88,3
2009/10,KP Pietersen,84.25,64.37,All-Rounder,74.31,7.0,6.0,7.0,73.4,74.22,4
2009/10,MK Pandey,64.25,0.0,Batter,64.25,13.0,0.0,13.0,93.15,67.14,5
2009/10,A Kumble,32.0,89.79,All-Rounder,60.9,5.0,16.0,16.0,100.0,64.81,6
2009/10,LRPL Taylor,62.75,0.0,Batter,62.75,7.0,0.0,7.0,73.4,63.81,7
2009/10,R Vinay Kumar,44.75,75.09,All-Rounder,59.92,5.0,14.0,14.0,95.58,63.49,8
2009/10,DW Steyn,35.75,77.16,All-Rounder,56.46,4.0,15.0,15.0,97.86,60.6,9
2009/10,ND Doshi,0.0,63.92,Bowler,63.92,0.0,1.0,1.0,24.47,59.98,10
2009/10,V Kohli,84.0,18.95,All-Rounder,51.47,13.0,4.0,13.0,93.15,55.64,11
2009/10,EJG Morgan,54.0,0.0,Batter,54.0,4.0,0.0,4.0,56.81,54.28,12
2009/10,MV Boucher,54.75,0.0,Batter,54.75,2.0,0.0,2.0,38.78,53.15,13
2009/10,P Kumar,23.5,58.53,All-Rounder,41.02,3.0,12.0,12.0,90.53,45.97,14
2009/10,CL White,66.5,11.23,All-Rounder,38.86,5.0,1.0,5.0,63.24,41.3,15
2009/10,RE van der Merwe,17.75,68.42,All-Rounder,43.09,1.0,1.0,1.0,24.47,41.22,16
2009/10,SP Goswami,37.5,0.0,Batter,37.5,1.0,0.0,1.0,24.47,36.2,17
2009/10,A Mithun,39.5,32.92,All-Rounder,36.21,1.0,1.0,1.0,24.47,35.03,18
2009/10,KP Appanna,25.0,37.83,All-Rounder,31.42,2.0,2.0,2.0,38.78,32.15,19
2009/10,S Sriram,51.75,14.04,All-Rounder,32.89,1.0,1.0,1.0,24.47,32.05,20
2009/10,Pankaj Singh,17.75,40.86,All-Rounder,29.31,1.0,2.0,2.0,38.78,30.25,21
2009/10,B Akhil,0.0,30.88,Bowler,30.88,0.0,1.0,1.0,24.47,30.24,22
2011,CH Gayle,98.42,73.06,All-Rounder,85.74,12.0,12.0,12.0,90.53,86.22,1
2011,AB de Villiers,82.11,0.0,Batter,82.11,13.0,0.0,13.0,93.15,83.21,2
2011,S Aravind,46.05,86.59,All-Rounder,66.32,2.0,13.0,13.0,93.15,69.0,3
2011,SS Tiwary,63.42,0.0,Batter,63.42,13.0,0.0,13.0,93.15,66.39,4
2011,DL Vettori,43.68,79.39,All-Rounder,61.54,4.0,13.0,13.0,93.15,64.7,5
2011,MA Agarwal,62.37,0.0,Batter,62.37,7.0,0.0,7.0,73.4,63.47,6
2011,V Kohli,82.37,33.33,All-Rounder,57.85,16.0,10.0,16.0,100.0,62.07,7
2011,LA Pomersbach,61.58,0.0,Batter,61.58,4.0,0.0,4.0,56.81,61.1,8
2011,Z Khan,33.42,78.01,All-Rounder,55.71,2.0,15.0,15.0,97.86,59.93,9
2011,DP Nannes,0.0,58.96,Bowler,58.96,0.0,2.0,2.0,38.78,56.94,10
2011,A Mithun,51.05,48.31,All-Rounder,49.68,4.0,12.0,12.0,90.53,53.77,11
2011,M Kaif,53.42,0.0,Batter,53.42,4.0,0.0,4.0,56.81,53.76,12
2011,J Syed Mohammad,44.47,59.65,All-Rounder,52.06,2.0,5.0,5.0,63.24,53.18,13
2011,TM Dilshan,76.84,22.49,All-Rounder,49.67,10.0,6.0,10.0,84.64,53.16,14
2011,CK Langeveldt,27.37,72.37,All-Rounder,49.87,1.0,3.0,3.0,48.93,49.77,15
2011,CA Pujara,44.47,0.0,Batter,44.47,3.0,0.0,3.0,48.93,44.92,16
2011,JJ van der Wath,37.89,41.85,All-Rounder,39.87,3.0,3.0,3.0,48.93,40.78,17
2011,AUK Pathan,55.79,16.17,All-Rounder,35.98,5.0,2.0,5.0,63.24,38.7,18
2011,R Ninan,15.0,42.61,All-Rounder,28.8,1.0,2.0,2.0,38.78,29.8,19
2011,KB Arun Karthik,20.26,0.0,Batter,20.26,2.0,0.0,2.0,38.78,22.11,20
2011,AA Kazi,0.0,10.9,Bowler,10.9,0.0,1.0,1.0,24.47,12.26,21
2012,AB de Villiers,85.0,0.0,Batter,85.0,13.0,0.0,13.0,95.18,86.02,1
2012,MA Agarwal,75.26,0.0,Batter,75.26,12.0,0.0,12.0,92.51,76.99,2
2012,R Vinay Kumar,56.05,79.61,All-Rounder,67.83,7.0,14.0,14.0,97.67,70.81,3
2012,SS Tiwary,67.37,0.0,Batter,67.37,11.0,0.0,11.0,89.62,69.59,4
2012,AB McDonald,63.95,79.28,All-Rounder,71.61,3.0,3.0,3.0,50.0,69.45,5
2012,KP Appanna,0.0,62.5,Bowler,62.5,0.0,6.0,6.0,70.18,63.27,6
2012,CH Gayle,97.89,20.72,All-Rounder,59.31,14.0,3.0,14.0,97.67,63.15,7
2012,M Muralitharan,25.0,87.5,All-Rounder,56.25,2.0,10.0,10.0,86.49,59.27,8
2012,Z Khan,32.11,76.97,All-Rounder,54.54,4.0,15.0,15.0,100.0,59.09,9
2012,DL Vettori,55.0,56.25,All-Rounder,55.63,6.0,9.0,9.0,83.05,58.37,10
2012,HV Patel,42.63,64.47,All-Rounder,53.55,3.0,11.0,11.0,89.62,57.16,11
2012,TM Dilshan,76.32,25.99,All-Rounder,51.15,9.0,5.0,9.0,83.05,54.34,12
2012,V Kohli,78.68,16.45,All-Rounder,47.57,15.0,2.0,15.0,100.0,52.81,13
2012,P Parameswaran,17.11,69.74,All-Rounder,43.42,1.0,3.0,3.0,50.0,44.08,14
2012,CA Pujara,40.79,0.0,Batter,40.79,3.0,0.0,3.0,50.0,41.71,15
2012,M Kaif,42.89,0.0,Batter,42.89,1.0,0.0,1.0,25.0,41.11,16
2012,S Aravind,54.47,19.41,All-Rounder,36.94,1.0,1.0,1.0,25.0,35.75,17
2012,J Syed Mohammad,40.53,27.3,All-Rounder,33.91,1.0,2.0,2.0,39.62,34.49,18
2012,AUK Pathan,31.84,20.39,All-Rounder,26.12,2.0,1.0,2.0,39.62,27.47,19
2012,A Mithun,0.0,24.01,Bowler,24.01,0.0,1.0,1.0,25.0,24.11,20
2012,RR Bhatkal,17.11,14.14,All-Rounder,15.62,1.0,1.0,1.0,25.0,16.56,21
2013,V Kohli,88.0,0.0,Batter,88.0,16.0,0.0,16.0,100.0,89.2,1
2013,AB de Villiers,86.0,0.0,Batter,86.0,14.0,0.0,14.0,95.58,86.96,2
2013,R Vinay Kumar,75.0,83.71,All-Rounder,79.35,5.0,16.0,16.0,100.0,81.42,3
2013,CH Gayle,96.5,50.81,All-Rounder,73.66,16.0,4.0,16.0,100.0,76.29,4
2013,RP Singh,0.0,70.49,Bowler,70.49,0.0,11.0,11.0,87.71,72.21,5
2013,SS Tiwary,71.75,0.0,Batter,71.75,6.0,0.0,6.0,68.68,71.44,6
2013,R Rampaul,50.25,88.16,All-Rounder,69.2,6.0,10.0,10.0,84.64,70.75,7
2013,MC Henriques,75.0,52.76,All-Rounder,63.88,9.0,8.0,9.0,81.27,65.62,8
2013,Z Khan,0.0,67.29,Bowler,67.29,0.0,2.0,2.0,38.78,64.44,9
2013,CA Pujara,60.75,0.0,Batter,60.75,4.0,0.0,4.0,56.81,60.36,10
2013,MA Agarwal,58.5,0.0,Batter,58.5,5.0,0.0,5.0,63.24,58.97,11
2013,KB Arun Karthik,55.75,0.0,Batter,55.75,5.0,0.0,5.0,63.24,56.5,12
2013,JD Unadkat,29.0,72.12,All-Rounder,50.56,2.0,13.0,13.0,93.15,54.82,13
2013,KL Rahul,49.5,0.0,Batter,49.5,2.0,0.0,2.0,38.78,48.43,14
2013,M Kartik,22.5,62.09,All-Rounder,42.3,2.0,11.0,11.0,87.71,46.84,15
2013,M Muralitharan,0.0,43.92,Bowler,43.92,0.0,6.0,6.0,68.68,46.4,16
2013,A Mukund,44.0,0.0,Batter,44.0,1.0,0.0,1.0,24.47,42.05,17
2013,J Syed Mohammad,34.5,36.72,All-Rounder,35.61,2.0,4.0,4.0,56.81,37.73,18
2013,TM Dilshan,51.0,9.02,All-Rounder,30.01,5.0,1.0,5.0,63.24,33.33,19
2013,KK Nair,31.0,0.0,Batter,31.0,2.0,0.0,2.0,38.78,31.78,20
2013,AB McDonald,15.5,44.49,All-Rounder,29.99,1.0,1.0,1.0,24.47,29.44,21
2013,A Mithun,29.0,25.56,All-Rounder,27.28,1.0,1.0,1.0,24.47,27.0,22
2013,DT Christian,26.5,16.54,All-Rounder,21.52,2.0,2.0,2.0,38.78,23.25,23
2014,AB de Villiers,91.11,0.0,Batter,91.11,13.0,0.0,13.0,97.45,91.75,1
2014,V Kohli,81.94,0.0,Batter,81.94,14.0,0.0,14.0,100.0,83.75,2
2014,Yuvraj Singh,90.0,50.35,All-Rounder,70.18,14.0,10.0,14.0,100.0,73.16,3
2014,MA Starc,47.78,88.6,All-Rounder,68.19,8.0,14.0,14.0,100.0,71.37,4
2014,PA Patel,68.06,0.0,Batter,68.06,12.0,0.0,12.0,94.72,70.72,5
2014,VR Aaron,52.22,85.09,All-Rounder,68.65,3.0,10.0,10.0,88.55,70.64,6
2014,CH Gayle,62.22,0.0,Batter,62.22,9.0,0.0,9.0,85.03,64.5,7
2014,YV Takawale,62.22,0.0,Batter,62.22,5.0,0.0,5.0,66.16,62.62,8
2014,JA Morkel,52.78,58.77,All-Rounder,55.77,5.0,6.0,6.0,71.86,57.38,9
2014,YS Chahal,17.78,76.58,All-Rounder,47.18,1.0,14.0,14.0,100.0,52.46,10
2014,HV Patel,45.28,56.14,All-Rounder,50.71,3.0,3.0,3.0,51.19,50.76,11
2014,VH Zol,46.11,0.0,Batter,46.11,2.0,0.0,2.0,40.57,45.56,12
2014,M Muralitharan,0.0,43.16,Bowler,43.16,0.0,5.0,5.0,66.16,45.46,13
2014,AN Ahmed,38.06,46.67,All-Rounder,42.36,1.0,4.0,4.0,59.43,44.07,14
2014,S Rana,60.56,18.42,All-Rounder,39.49,7.0,2.0,7.0,76.79,43.22,15
2014,RR Rossouw,41.11,0.0,Batter,41.11,3.0,0.0,3.0,51.19,42.12,16
2014,NJ Maddinson,40.56,0.0,Batter,40.56,2.0,0.0,2.0,40.57,40.56,17
2014,R Rampaul,33.06,44.65,All-Rounder,38.85,1.0,2.0,2.0,40.57,39.02,18
2014,AB Dinda,19.17,44.74,All-Rounder,31.95,3.0,9.0,9.0,85.03,37.26,19
2014,SB Jakati,0.0,10.53,Bowler,10.53,0.0,1.0,1.0,25.6,12.03,20
2015,AB de Villiers,95.79,0.0,Batter,95.79,14.0,0.0,14.0,95.58,95.77,1
2015,Mandeep Singh,76.32,0.0,Batter,76.32,8.0,0.0,8.0,77.55,76.44,2
2015,D Wiese,68.16,64.98,All-Rounder,66.57,7.0,13.0,13.0,93.15,69.23,3
2015,SN Khan,68.68,0.0,Batter,68.68,7.0,0.0,7.0,73.4,69.16,4
2015,HV Patel,51.32,77.58,All-Rounder,64.45,6.0,14.0,14.0,95.58,67.56,5
2015,MA Starc,34.21,94.64,All-Rounder,64.42,3.0,12.0,12.0,90.53,67.03,6
2015,KD Karthik,60.26,0.0,Batter,60.26,11.0,0.0,11.0,87.71,63.01,7
2015,V Kohli,82.11,32.79,All-Rounder,57.45,16.0,2.0,16.0,100.0,61.7,8
2015,CH Gayle,87.37,27.53,All-Rounder,57.45,14.0,1.0,14.0,95.58,61.26,9
2015,YS Chahal,21.58,79.45,All-Rounder,50.52,1.0,14.0,14.0,95.58,55.02,10
2015,Iqbal Abdulla,49.47,56.02,All-Rounder,52.75,2.0,5.0,5.0,63.24,53.8,11
2015,MS Bisla,55.0,0.0,Batter,55.0,2.0,0.0,2.0,38.78,53.38,12
2015,VR Aaron,45.0,42.21,All-Rounder,43.6,1.0,5.0,5.0,63.24,45.57,13
2015,S Aravind,14.74,71.91,All-Rounder,43.32,1.0,5.0,5.0,63.24,45.32,14
2015,RR Rossouw,45.53,0.0,Batter,45.53,2.0,0.0,2.0,38.78,44.85,15
2015,AN Ahmed,46.84,30.82,All-Rounder,38.83,3.0,3.0,3.0,48.93,39.84,16
2015,SA Abbott,45.0,17.81,All-Rounder,31.41,2.0,2.0,2.0,38.78,32.14,17
2015,DJG Sammy,31.58,23.08,All-Rounder,27.33,2.0,2.0,2.0,38.78,28.47,18
2015,NJ Maddinson,21.05,0.0,Batter,21.05,1.0,0.0,1.0,24.47,21.39,19
2015,AB Dinda,0.0,15.38,Bowler,15.38,0.0,2.0,2.0,38.78,17.72,20
2016,YS Chahal,0.0,90.46,Bowler,90.46,0.0,13.0,13.0,93.15,90.73,1
2016,AB de Villiers,88.86,0.0,Batter,88.86,9.0,0.0,9.0,81.27,88.1,2
2016,AB de Villiers,88.86,0.0,Batter,88.86,7.0,0.0,7.0,73.4,87.32,3
2016,S Aravind,0.0,81.77,Bowler,81.77,0.0,9.0,9.0,81.27,81.72,4
2016,AB de Villiers,80.0,0.0,Batter,80.0,9.0,0.0,9.0,81.27,80.13,5
2016,AB de Villiers,80.0,0.0,Batter,80.0,7.0,0.0,7.0,73.4,79.34,6
2016,KL Rahul,73.86,0.0,Batter,73.86,7.0,0.0,7.0,73.4,73.82,7
2016,SR Watson,59.09,80.73,All-Rounder,69.91,6.0,16.0,16.0,100.0,72.92,8
2016,SR Watson,59.09,80.73,All-Rounder,69.91,9.0,16.0,16.0,100.0,72.92,8
2016,KL Rahul,73.86,0.0,Batter,73.86,5.0,0.0,5.0,63.24,72.8,9
2016,KL Rahul,67.27,0.0,Batter,67.27,7.0,0.0,7.0,73.4,67.88,10
2016,KL Rahul,67.27,0.0,Batter,67.27,5.0,0.0,5.0,63.24,66.87,11
2016,Sachin Baby,59.32,72.04,All-Rounder,65.68,3.0,2.0,3.0,48.93,64.0,12
2016,Sachin Baby,59.32,72.04,All-Rounder,65.68,3.0,2.0,3.0,48.93,64.0,12
2016,CH Gayle,69.32,54.65,All-Rounder,61.99,7.0,4.0,7.0,73.4,63.13,13
2016,SN Khan,63.18,0.0,Batter,63.18,4.0,0.0,4.0,56.81,62.54,14
2016,CH Gayle,69.32,54.65,All-Rounder,61.99,3.0,4.0,4.0,56.81,61.47,15
2016,Sachin Baby,53.18,72.04,All-Rounder,62.61,3.0,2.0,3.0,48.93,61.24,16
2016,Sachin Baby,53.18,72.04,All-Rounder,62.61,3.0,2.0,3.0,48.93,61.24,16
2016,SR Watson,32.73,80.73,All-Rounder,56.73,6.0,16.0,16.0,100.0,61.06,17
2016,SR Watson,32.73,80.73,All-Rounder,56.73,9.0,16.0,16.0,100.0,61.06,17
2016,Iqbal Abdulla,42.95,62.17,All-Rounder,52.56,2.0,8.0,8.0,77.55,55.06,18
2016,V Kohli,94.55,7.24,All-Rounder,50.89,10.0,1.0,10.0,84.64,54.27,19
2016,V Kohli,94.55,7.24,All-Rounder,50.89,7.0,1.0,7.0,73.4,53.14,20
2016,T Shamsi,0.0,51.17,Bowler,51.17,0.0,4.0,4.0,56.81,51.74,21
2016,V Kohli,86.14,7.24,All-Rounder,46.69,10.0,1.0,10.0,84.64,50.48,22
2016,V Kohli,86.14,7.24,All-Rounder,46.69,7.0,1.0,7.0,73.4,49.36,23
2016,CJ Jordan,16.59,74.15,All-Rounder,45.37,1.0,9.0,9.0,81.27,48.96,24
2016,VR Aaron,0.0,44.69,Bowler,44.69,0.0,8.0,8.0,77.55,47.98,25
2016,TM Head,45.91,0.0,Batter,45.91,3.0,0.0,3.0,48.93,46.21,26
2016,STR Binny,45.91,36.89,All-Rounder,41.4,3.0,11.0,11.0,87.71,46.03,27
2016,STR Binny,45.91,36.89,All-Rounder,41.4,2.0,11.0,11.0,87.71,46.03,27
2016,STR Binny,43.64,36.89,All-Rounder,40.26,3.0,11.0,11.0,87.71,45.01,28
2016,STR Binny,43.64,36.89,All-Rounder,40.26,2.0,11.0,11.0,87.71,45.01,28
2016,KM Jadhav,43.86,0.0,Batter,43.86,3.0,0.0,3.0,48.93,44.37,29
2016,KW Richardson,15.23,68.7,All-Rounder,41.97,1.0,4.0,4.0,56.81,43.45,30
2016,CH Gayle,18.86,54.65,All-Rounder,36.76,7.0,4.0,7.0,73.4,40.42,31
2016,CH Gayle,18.86,54.65,All-Rounder,36.76,3.0,4.0,4.0,56.81,38.76,32
2016,HV Patel,0.0,28.34,Bowler,28.34,0.0,5.0,5.0,63.24,31.83,33
2016,Parvez Rasool,27.05,30.26,All-Rounder,28.65,1.0,4.0,4.0,56.81,31.47,34
2016,AF Milne,0.0,30.55,Bowler,30.55,0.0,1.0,1.0,24.47,29.94,35
2016,D Wiese,22.5,9.87,All-Rounder,16.18,1.0,1.0,1.0,24.47,17.01,36
2017,KM Jadhav,85.83,0.0,Batter,85.83,13.0,0.0,13.0,100.0,87.25,1
2017,AB de Villiers,86.94,0.0,Batter,86.94,9.0,0.0,9.0,87.25,86.98,2
2017,V Kohli,85.28,0.0,Batter,85.28,10.0,0.0,10.0,90.86,85.84,3
2017,P Negi,65.56,96.24,All-Rounder,80.9,10.0,12.0,12.0,97.19,82.53,4
2017,CH Gayle,76.94,0.0,Batter,76.94,9.0,0.0,9.0,87.25,77.98,5
2017,Mandeep Singh,69.17,0.0,Batter,69.17,10.0,0.0,10.0,90.86,71.34,6
2017,A Choudhary,59.17,60.53,All-Rounder,59.85,3.0,5.0,5.0,67.89,60.65,7
2017,STR Binny,55.56,60.53,All-Rounder,58.04,7.0,4.0,7.0,78.79,60.12,8
2017,YS Chahal,27.22,80.08,All-Rounder,53.65,6.0,13.0,13.0,100.0,58.28,9
2017,TM Head,81.39,27.82,All-Rounder,54.6,7.0,5.0,7.0,78.79,57.02,10
2017,SR Watson,49.17,50.0,All-Rounder,49.58,7.0,8.0,8.0,83.26,52.95,11
2017,S Badree,21.67,76.32,All-Rounder,48.99,5.0,7.0,7.0,78.79,51.97,12
2017,S Aravind,42.5,49.25,All-Rounder,45.87,6.0,10.0,10.0,90.86,50.37,13
2017,TS Mills,26.39,58.27,All-Rounder,42.33,3.0,5.0,5.0,67.89,44.89,14
2017,HV Patel,0.0,46.62,Bowler,46.62,0.0,1.0,1.0,26.26,44.58,15
2017,Avesh Khan,0.0,44.36,Bowler,44.36,0.0,1.0,1.0,26.26,42.55,16
2017,Vishnu Vinod,38.61,0.0,Batter,38.61,3.0,0.0,3.0,52.53,40.0,17
2017,Sachin Baby,35.83,0.0,Batter,35.83,3.0,0.0,3.0,52.53,37.5,18
2017,B Stanlake,0.0,33.46,Bowler,33.46,0.0,2.0,2.0,41.63,34.28,19
2017,AF Milne,20.83,37.97,All-Rounder,29.4,3.0,4.0,4.0,60.99,32.56,20
2017,Iqbal Abdulla,21.94,28.57,All-Rounder,25.26,1.0,2.0,2.0,41.63,26.9,21
2018,AB de Villiers,93.68,0.0,Batter,93.68,11.0,0.0,11.0,91.76,93.49,1
2018,V Kohli,86.84,0.0,Batter,86.84,14.0,0.0,14.0,100.0,88.16,2
2018,PA Patel,74.74,0.0,Batter,74.74,6.0,0.0,6.0,71.86,74.45,3
2018,Q de Kock,73.16,0.0,Batter,73.16,8.0,0.0,8.0,81.14,73.96,4
2018,Mandeep Singh,71.32,0.0,Batter,71.32,13.0,0.0,13.0,97.45,73.93,5
2018,BB McCullum,64.21,0.0,Batter,64.21,6.0,0.0,6.0,71.86,64.98,6
2018,MM Ali,68.16,55.7,All-Rounder,61.93,4.0,5.0,5.0,66.16,62.35,7
2018,Mohammed Siraj,40.79,74.12,All-Rounder,57.46,3.0,11.0,11.0,91.76,60.89,8
2018,UT Yadav,20.26,87.28,All-Rounder,53.77,5.0,14.0,14.0,100.0,58.39,9
2018,Washington Sundar,63.95,46.49,All-Rounder,55.22,5.0,7.0,7.0,76.79,57.38,10
2018,C de Grandhomme,74.47,30.26,All-Rounder,52.37,8.0,7.0,8.0,81.14,55.25,11
2018,TG Southee,49.21,53.95,All-Rounder,51.58,4.0,8.0,8.0,81.14,54.53,12
2018,YS Chahal,14.21,84.21,All-Rounder,49.21,1.0,14.0,14.0,100.0,54.29,13
2018,CR Woakes,34.21,69.3,All-Rounder,51.75,4.0,5.0,5.0,66.16,53.2,14
2018,M Vohra,49.74,0.0,Batter,49.74,4.0,0.0,4.0,59.43,50.71,15
2018,SN Khan,44.47,0.0,Batter,44.47,6.0,0.0,6.0,71.86,47.21,16
2018,M Ashwin,20.0,62.72,All-Rounder,41.36,1.0,2.0,2.0,40.57,41.28,17
2018,CJ Anderson,32.11,39.91,All-Rounder,36.01,3.0,3.0,3.0,51.19,37.53,18
2018,K Khejroliya,0.0,24.56,Bowler,24.56,0.0,3.0,3.0,51.19,27.22,19
2018,P Negi,24.47,21.49,All-Rounder,22.98,2.0,2.0,2.0,40.57,24.74,20
2019,V Kohli,92.63,0.0,Batter,92.63,14.0,0.0,14.0,100.0,93.37,1
2019,AB de Villiers,91.32,0.0,Batter,91.32,13.0,0.0,13.0,97.45,91.93,2
2019,PA Patel,80.53,0.0,Batter,80.53,14.0,0.0,14.0,100.0,82.47,3
2019,MM Ali,86.58,70.23,All-Rounder,78.41,10.0,9.0,10.0,88.55,79.42,4
2019,Gurkeerat Singh,72.11,0.0,Batter,72.11,3.0,0.0,3.0,51.19,70.01,5
2019,SO Hetmyer,64.74,0.0,Batter,64.74,5.0,0.0,5.0,66.16,64.88,6
2019,DW Steyn,0.0,66.92,Bowler,66.92,0.0,2.0,2.0,40.57,64.28,7
2019,YS Chahal,24.74,90.7,All-Rounder,57.72,3.0,14.0,14.0,100.0,61.95,8
2019,MP Stoinis,75.26,40.5,All-Rounder,57.88,10.0,6.0,10.0,88.55,60.95,9
2019,UT Yadav,50.79,58.51,All-Rounder,54.65,5.0,11.0,11.0,91.76,58.36,10
2019,AD Nath,53.42,0.0,Batter,53.42,5.0,0.0,5.0,66.16,54.7,11
2019,Navdeep Saini,20.53,78.81,All-Rounder,49.67,2.0,13.0,13.0,97.45,54.45,12
2019,Mohammed Siraj,22.63,63.5,All-Rounder,43.07,3.0,9.0,9.0,85.03,47.26,13
2019,Washington Sundar,15.26,72.04,All-Rounder,43.65,2.0,3.0,3.0,51.19,44.41,14
2019,S Dube,53.42,31.2,All-Rounder,42.31,4.0,2.0,4.0,59.43,44.02,15
2019,P Negi,28.95,53.42,All-Rounder,41.18,4.0,4.0,4.0,59.43,43.01,16
2019,K Khejroliya,0.0,37.94,Bowler,37.94,0.0,2.0,2.0,40.57,38.2,17
2019,H Klaasen,36.32,0.0,Batter,36.32,2.0,0.0,2.0,40.57,36.74,18
2019,C de Grandhomme,51.84,13.53,All-Rounder,32.69,4.0,3.0,4.0,59.43,35.36,19
2019,TG Southee,37.37,22.69,All-Rounder,30.03,1.0,3.0,3.0,51.19,32.15,20
2019,P Ray Barman,41.58,10.53,All-Rounder,26.05,1.0,1.0,1.0,25.6,26.01,21
2020/21,AB de Villiers,89.12,0.0,Batter,89.12,14.0,0.0,14.0,97.67,89.97,1
2020/21,D Padikkal,85.88,0.0,Batter,85.88,15.0,0.0,15.0,100.0,87.29,2
2020/21,V Kohli,83.53,0.0,Batter,83.53,15.0,0.0,15.0,100.0,85.18,3
2020/21,CH Morris,60.59,87.36,All-Rounder,73.97,5.0,9.0,9.0,83.05,74.88,4
2020/21,AJ Finch,70.88,0.0,Batter,70.88,12.0,0.0,12.0,92.51,73.05,5
2020/21,S Dube,67.06,67.54,All-Rounder,67.3,9.0,5.0,9.0,83.05,68.88,6
2020/21,Washington Sundar,60.59,68.82,All-Rounder,64.7,9.0,15.0,15.0,100.0,68.23,7
2020/21,YS Chahal,23.24,89.51,All-Rounder,56.37,2.0,15.0,15.0,100.0,60.74,8
2020/21,Mohammed Siraj,46.76,68.86,All-Rounder,57.81,3.0,9.0,9.0,83.05,60.34,9
2020/21,JR Philippe,56.76,0.0,Batter,56.76,5.0,0.0,5.0,64.62,57.55,10
2020/21,I Udana,50.29,56.46,All-Rounder,53.38,4.0,10.0,10.0,86.49,56.69,11
2020/21,Gurkeerat Singh,55.59,0.0,Batter,55.59,5.0,0.0,5.0,64.62,56.49,12
2020/21,Navdeep Saini,49.12,52.15,All-Rounder,50.64,3.0,13.0,13.0,95.18,55.09,13
2020/21,Shahbaz Ahmed,28.53,49.64,All-Rounder,39.09,1.0,2.0,2.0,39.62,39.14,14
2020/21,A Zampa,0.0,36.64,Bowler,36.64,0.0,3.0,3.0,50.0,37.98,15
2020/21,MM Ali,31.47,28.95,All-Rounder,30.21,3.0,3.0,3.0,50.0,32.19,16
2020/21,DW Steyn,24.41,21.69,All-Rounder,23.05,1.0,3.0,3.0,50.0,25.75,17
2020/21,UT Yadav,16.18,9.21,All-Rounder,12.69,1.0,2.0,2.0,39.62,15.39,18
2021,D Padikkal,90.26,0.0,Batter,90.26,14.0,0.0,14.0,97.67,91.0,1
2021,AB de Villiers,85.53,0.0,Batter,85.53,14.0,0.0,14.0,97.67,86.74,2
2021,V Kohli,80.26,0.0,Batter,80.26,15.0,0.0,15.0,100.0,82.24,3
2021,KS Bharat,79.47,0.0,Batter,79.47,6.0,0.0,6.0,70.18,78.54,4
2021,HV Patel,62.63,88.85,All-Rounder,75.74,7.0,15.0,15.0,100.0,78.17,5
2021,GJ Maxwell,93.95,38.15,All-Rounder,66.05,14.0,6.0,14.0,97.67,69.21,6
2021,Mohammed Siraj,51.58,78.17,All-Rounder,64.88,4.0,15.0,15.0,100.0,68.39,7
2021,Shahbaz Ahmed,54.21,78.8,All-Rounder,66.51,7.0,6.0,7.0,75.0,67.35,8
2021,KA Jamieson,65.0,62.9,All-Rounder,63.95,7.0,9.0,9.0,83.05,65.86,9
2021,YS Chahal,35.26,85.5,All-Rounder,60.38,2.0,15.0,15.0,100.0,64.34,10
2021,RM Patidar,63.42,0.0,Batter,63.42,4.0,0.0,4.0,58.05,62.88,11
2021,Washington Sundar,44.21,45.56,All-Rounder,44.89,4.0,6.0,6.0,70.18,47.42,12
2021,DT Christian,36.84,48.95,All-Rounder,42.9,7.0,9.0,9.0,83.05,46.91,13
2021,DR Sams,36.32,42.33,All-Rounder,39.32,2.0,2.0,2.0,39.62,39.35,14
2021,KW Richardson,0.0,40.19,Bowler,40.19,0.0,1.0,1.0,25.0,38.67,15
2021,GHS Garton,26.05,43.23,All-Rounder,34.64,2.0,5.0,5.0,64.62,37.64,16
2021,Sachin Baby,31.58,0.0,Batter,31.58,1.0,0.0,1.0,25.0,30.92,17
2021,Navdeep Saini,26.05,8.91,All-Rounder,17.48,1.0,2.0,2.0,39.62,19.69,18
2021,PWH de Silva,20.79,12.15,All-Rounder,16.47,2.0,2.0,2.0,39.62,18.78,19
2021,TH David,16.58,0.0,Batter,16.58,1.0,0.0,1.0,25.0,17.42,20
2022,RM Patidar,90.94,0.0,Batter,90.94,7.0,0.0,7.0,73.4,89.18,1
2022,KD Karthik,86.88,0.0,Batter,86.88,16.0,0.0,16.0,100.0,88.19,2
2022,F du Plessis,84.38,0.0,Batter,84.38,16.0,0.0,16.0,100.0,85.94,3
2022,V Kohli,75.31,0.0,Batter,75.31,16.0,0.0,16.0,100.0,77.78,4
2022,GJ Maxwell,77.5,62.5,All-Rounder,70.0,13.0,10.0,13.0,93.15,72.31,5
2022,PWH de Silva,31.87,93.68,All-Rounder,62.78,7.0,16.0,16.0,100.0,66.5,6
2022,HV Patel,41.25,79.21,All-Rounder,60.23,7.0,15.0,15.0,97.86,63.99,7
2022,Anuj Rawat,58.75,0.0,Batter,58.75,8.0,0.0,8.0,77.55,60.63,8
2022,JR Hazlewood,30.94,81.45,All-Rounder,56.19,5.0,12.0,12.0,90.53,59.63,9
2022,Shahbaz Ahmed,67.81,34.08,All-Rounder,50.95,11.0,14.0,14.0,95.58,55.41,10
2022,Mohammed Siraj,32.5,53.55,All-Rounder,43.03,4.0,15.0,15.0,97.86,48.51,11
2022,SS Prabhudessai,45.62,0.0,Batter,45.62,5.0,0.0,5.0,63.24,47.39,12
2022,MK Lomror,57.19,19.47,All-Rounder,38.33,5.0,2.0,5.0,63.24,40.82,13
2022,SE Rutherford,33.75,0.0,Batter,33.75,2.0,0.0,2.0,38.78,34.25,14
2022,DJ Willey,20.94,42.11,All-Rounder,31.52,2.0,4.0,4.0,56.81,34.05,15
2022,Akash Deep,14.37,43.42,All-Rounder,28.9,1.0,5.0,5.0,63.24,32.33,16
2022,S Kaul,0.0,14.21,Bowler,14.21,0.0,1.0,1.0,24.47,15.24,17
2023,F du Plessis,92.89,0.0,Batter,92.89,14.0,0.0,14.0,100.0,93.61,1
2023,V Kohli,90.53,0.0,Batter,90.53,14.0,0.0,14.0,100.0,91.47,2
2023,GJ Maxwell,86.05,45.45,All-Rounder,65.75,14.0,7.0,14.0,100.0,69.18,3
2023,KD Karthik,65.53,0.0,Batter,65.53,13.0,0.0,13.0,97.45,68.72,4
2023,Anuj Rawat,67.11,0.0,Batter,67.11,7.0,0.0,7.0,76.79,68.07,5
2023,MG Bracewell,61.32,65.8,All-Rounder,63.56,4.0,5.0,5.0,66.16,63.82,6
2023,Mohammed Siraj,17.89,91.63,All-Rounder,54.76,2.0,14.0,14.0,100.0,59.29,7
2023,Vijaykumar Vyshak,52.89,60.0,All-Rounder,56.45,2.0,7.0,7.0,76.79,58.48,8
2023,PWH de Silva,45.53,64.08,All-Rounder,54.8,5.0,8.0,8.0,81.14,57.43,9
2023,RJW Topley,0.0,59.19,Bowler,59.19,0.0,1.0,1.0,25.6,55.83,10
2023,HV Patel,32.89,65.75,All-Rounder,49.32,2.0,13.0,13.0,97.45,54.13,11
2023,MK Lomror,73.95,22.81,All-Rounder,48.38,10.0,2.0,10.0,88.55,52.39,12
2023,DJ Willey,53.16,49.88,All-Rounder,51.52,3.0,4.0,4.0,59.43,52.31,13
2023,SS Prabhudessai,50.53,0.0,Batter,50.53,4.0,0.0,4.0,59.43,51.42,14
2023,KV Sharma,25.0,68.77,All-Rounder,46.89,2.0,7.0,7.0,76.79,49.88,15
2023,WD Parnell,21.32,64.62,All-Rounder,42.97,1.0,7.0,7.0,76.79,46.35,16
2023,Akash Deep,60.79,22.0,All-Rounder,41.39,1.0,2.0,2.0,40.57,41.31,17
2023,JR Hazlewood,17.89,59.76,All-Rounder,38.83,1.0,3.0,3.0,51.19,40.06,18
2023,KM Jadhav,38.68,0.0,Batter,38.68,1.0,0.0,1.0,25.6,37.38,19
2023,Shahbaz Ahmed,46.05,17.46,All-Rounder,31.76,6.0,5.0,6.0,71.86,35.77,20
2023,H Sharma,0.0,16.49,Bowler,16.49,0.0,1.0,1.0,25.6,17.4,21
2024,V Kohli,92.11,0.0,Batter,92.11,15.0,0.0,15.0,100.0,92.89,1
2024,Yash Dayal,0.0,86.75,Bowler,86.75,0.0,14.0,14.0,97.67,87.84,2
2024,KD Karthik,85.26,0.0,Batter,85.26,13.0,0.0,13.0,95.18,86.26,3
2024,RM Patidar,81.32,0.0,Batter,81.32,13.0,0.0,13.0,95.18,82.7,4
2024,F du Plessis,78.95,0.0,Batter,78.95,15.0,0.0,15.0,100.0,81.05,5
2024,C Green,66.05,81.67,All-Rounder,73.86,12.0,13.0,13.0,95.18,76.0,6
2024,Swapnil Singh,56.58,72.47,All-Rounder,64.52,5.0,7.0,7.0,75.0,65.57,7
2024,Mohammed Siraj,42.63,80.89,All-Rounder,61.76,1.0,14.0,14.0,97.67,65.35,8
2024,GJ Maxwell,44.21,76.68,All-Rounder,60.45,9.0,6.0,9.0,83.05,62.71,9
2024,KV Sharma,58.16,60.89,All-Rounder,59.52,3.0,9.0,9.0,83.05,61.88,10
2024,WG Jacks,81.32,34.66,All-Rounder,57.99,8.0,5.0,8.0,79.25,60.11,11
2024,Anuj Rawat,58.68,0.0,Batter,58.68,5.0,0.0,5.0,64.62,59.28,12
2024,LH Ferguson,21.84,74.6,All-Rounder,48.22,1.0,7.0,7.0,75.0,50.9,13
2024,SS Prabhudessai,45.26,0.0,Batter,45.26,1.0,0.0,1.0,25.0,43.24,14
2024,MK Lomror,64.47,9.47,All-Rounder,36.97,10.0,1.0,10.0,86.49,41.92,15
2024,Vijaykumar Vyshak,19.21,55.01,All-Rounder,37.11,2.0,4.0,4.0,58.05,39.2,16
2024,RJW Topley,26.84,46.15,All-Rounder,36.5,1.0,4.0,4.0,58.05,38.65,17
2024,Saurav Chauhan,37.11,0.0,Batter,37.11,3.0,0.0,3.0,50.0,38.39,18
2024,AS Joseph,0.0,25.1,Bowler,25.1,0.0,3.0,3.0,50.0,27.59,19
2024,Mayank Dagar,14.21,30.8,All-Rounder,22.5,1.0,5.0,5.0,64.62,26.72,20
2024,Akash Deep,25.79,26.96,All-Rounder,26.38,1.0,1.0,1.0,25.0,26.24,21
2024,H Sharma,0.0,11.58,Bowler,11.58,0.0,1.0,1.0,25.0,12.92,22
2025,V Kohli,84.69,0.0,Batter,84.69,15.0,0.0,15.0,100.0,86.22,1
2025,PD Salt,84.06,0.0,Batter,84.06,13.0,0.0,13.0,95.18,85.17,2
2025,JM Sharma,79.38,0.0,Batter,79.38,11.0,0.0,11.0,89.62,80.4,3
2025,TH David,78.12,0.0,Batter,78.12,9.0,0.0,9.0,83.05,78.62,4
2025,D Padikkal,68.75,0.0,Batter,68.75,10.0,0.0,10.0,86.49,70.52,5
2025,RM Patidar,67.5,0.0,Batter,67.5,14.0,0.0,14.0,97.67,70.52,6
2025,KH Pandya,49.38,79.47,All-Rounder,64.42,7.0,15.0,15.0,100.0,67.98,7
2025,R Shepherd,66.25,50.53,All-Rounder,58.39,3.0,7.0,7.0,75.0,60.05,8
2025,JR Hazlewood,15.94,92.11,All-Rounder,54.02,1.0,12.0,12.0,92.51,57.87,9
2025,B Kumar,31.25,71.58,All-Rounder,51.41,6.0,14.0,14.0,97.67,56.04,10
2025,JG Bethell,55.62,0.0,Batter,55.62,2.0,0.0,2.0,39.62,54.02,11
2025,Suyash Sharma,0.0,47.89,Bowler,47.89,0.0,14.0,14.0,97.67,52.87,12
2025,MA Agarwal,51.25,0.0,Batter,51.25,4.0,0.0,4.0,58.05,51.93,13
2025,LS Livingstone,52.5,40.0,All-Rounder,46.25,8.0,5.0,8.0,79.25,49.55,14
2025,Yash Dayal,26.88,57.89,All-Rounder,42.38,3.0,15.0,15.0,100.0,48.15,15
2025,N Thushara,0.0,42.11,Bowler,42.11,0.0,1.0,1.0,25.0,40.39,16
2025,L Ngidi,15.94,52.63,All-Rounder,34.28,1.0,2.0,2.0,39.62,34.82,17
2025,MS Bhandage,22.5,0.0,Batter,22.5,1.0,0.0,1.0,25.0,22.75,18
2025,Rasikh Salam,0.0,15.79,Bowler,15.79,0.0,2.0,2.0,39.62,18.17,19
2026,V Kohli,91.15,0.0,Batter,91.15,16.0,0.0,16.0,100.0,92.04,1
2026,RM Patidar,89.23,0.0,Batter,89.23,14.0,0.0,14.0,95.58,89.87,2
2026,D Padikkal,71.92,0.0,Batter,71.92,15.0,0.0,15.0,97.86,74.52,3
2026,B Kumar,38.46,99.42,All-Rounder,68.94,4.0,16.0,16.0,100.0,72.04,4
2026,VR Iyer,71.92,0.0,Batter,71.92,6.0,0.0,6.0,68.68,71.6,5
2026,KH Pandya,62.31,65.13,All-Rounder,63.72,9.0,15.0,15.0,97.86,67.13,6
2026,PD Salt,59.23,0.0,Batter,59.23,6.0,0.0,6.0,68.68,60.18,7
2026,Rasikh Salam,27.31,82.09,All-Rounder,54.7,1.0,12.0,12.0,90.53,58.28,8
2026,JA Duffy,0.0,51.32,Bowler,51.32,0.0,6.0,6.0,68.68,53.05,9
2026,Suyash Sharma,0.0,47.95,Bowler,47.95,0.0,12.0,12.0,90.53,52.21,10
2026,TH David,72.69,8.77,All-Rounder,40.73,15.0,1.0,15.0,97.86,46.44,11
2026,JR Hazlewood,14.23,66.96,All-Rounder,40.59,1.0,13.0,13.0,93.15,45.85,12
2026,R Shepherd,34.62,33.99,All-Rounder,34.3,7.0,13.0,13.0,93.15,40.19,13
2026,JM Sharma,33.85,0.0,Batter,33.85,12.0,0.0,12.0,90.53,39.51,14
2026,JG Bethell,33.08,0.0,Batter,33.08,7.0,0.0,7.0,73.4,37.11,15
2026,Abhinandan Singh,0.0,31.21,Bowler,31.21,0.0,3.0,3.0,48.93,32.99,16
