season,batter,matches,innings,runs,balls,fours,sixes,fifties,hundreds,dismissals,strike_rate,average
2016,V Kohli,7,7,412,242,34,22,3,2,5.0,170.25,82.4
2016,AB de Villiers,7,7,302,171,22,21,2,1,4.0,176.61,75.5
2016,CH Gayle,7,7,219,136,17,20,2,0,7.0,161.03,31.29
2016,KL Rahul,5,5,133,92,11,5,1,0,3.0,144.57,44.33
2016,STR Binny,3,3,46,33,4,2,0,0,2.0,139.39,23.0
2016,Sachin Baby,3,3,43,26,3,3,0,0,1.0,165.38,43.0
2016,SR Watson,6,6,42,50,1,3,0,0,5.0,84.0,8.4
2016,Iqbal Abdulla,2,2,37,26,4,1,0,0,0.0,142.31,37.0
2016,CJ Jordan,1,1,3,4,0,0,0,0,0.0,75.0,3.0
2007/08,R Dravid,14,14,371,297,35,11,2,0,13.0,124.92,28.54
2007/08,MV Boucher,10,10,225,177,24,6,1,0,7.0,127.12,32.14
2007/08,JH Kallis,11,11,199,183,23,4,1,0,10.0,108.74,19.9
2007/08,V Kohli,12,12,165,157,18,4,0,0,11.0,105.1,15.0
2007/08,LRPL Taylor,4,4,149,81,13,10,1,0,4.0,183.95,37.25
2007/08,Misbah-ul-Haq,8,8,117,81,10,6,0,0,7.0,144.44,16.71
2007/08,W Jaffer,6,6,115,104,12,3,1,0,5.0,110.58,23.0
2007/08,CL White,8,8,114,100,8,4,0,0,5.0,114.0,22.8
2007/08,P Kumar,12,12,112,98,10,6,0,0,9.0,114.29,12.44
2007/08,SP Goswami,3,3,82,85,9,1,1,0,3.0,96.47,27.33
2007/08,B Akhil,7,7,46,31,4,3,0,0,2.0,148.39,23.0
2007/08,Z Khan,7,7,34,42,4,0,0,0,4.0,80.95,8.5
2007/08,R Vinay Kumar,4,4,25,22,2,1,0,0,3.0,113.64,8.33
2007/08,S Chanderpaul,3,3,25,31,4,0,0,0,3.0,80.65,8.33
2007/08,J Arunkumar,3,3,23,23,5,0,0,0,3.0,100.0,7.67
2007/08,B Chipli,3,3,20,28,3,0,0,0,3.0,71.43,6.67
2007/08,A Kumble,4,4,13,17,1,0,0,0,1.0,76.47,13.0
2007/08,DT Patil,2,2,13,13,1,0,0,0,1.0,100.0,13.0
2007/08,AA Noffke,1,1,9,10,1,0,0,0,1.0,90.0,9.0
2007/08,SB Joshi,2,2,6,14,0,0,0,0,2.0,42.86,3.0
2007/08,DW Steyn,2,2,2,5,0,0,0,0,1.0,40.0,2.0
2007/08,Abdur Razzak,1,1,0,2,0,0,0,0,0.0,0.0,0.0
2009,JH Kallis,15,15,361,331,37,8,3,0,13.0,109.06,27.77
2009,LRPL Taylor,11,11,280,206,20,15,1,0,9.0,135.92,31.11
2009,R Dravid,12,12,271,234,28,3,1,0,11.0,115.81,24.64
2009,V Kohli,13,13,246,219,22,8,1,0,11.0,112.33,22.36
2009,RV Uthappa,13,13,175,170,18,3,1,0,11.0,102.94,15.91
2009,MK Pandey,4,4,168,117,17,4,0,1,2.0,143.59,84.0
2009,MV Boucher,9,9,150,114,8,6,0,0,5.0,131.58,30.0
2009,RE van der Merwe,8,8,122,98,8,8,0,0,8.0,124.49,15.25
2009,KP Pietersen,6,6,93,84,8,2,0,0,6.0,110.71,15.5
2009,P Kumar,8,8,65,46,1,6,0,0,5.0,141.3,13.0
2009,JD Ryder,5,5,56,48,9,0,0,0,5.0,116.67,11.2
2009,SP Goswami,2,2,53,60,6,0,0,0,2.0,88.33,26.5
2009,R Vinay Kumar,7,7,47,44,4,1,0,0,4.0,106.82,11.75
2009,R Bishnoi,3,3,19,17,1,2,0,0,3.0,111.76,6.33
2009,B Akhil,3,3,17,15,1,1,0,0,2.0,113.33,8.5
2009,A Kumble,6,6,16,19,2,0,0,0,1.0,84.21,16.0
2009,W Jaffer,2,2,15,17,2,0,0,0,2.0,88.24,7.5
2009,D du Preez,1,1,10,13,0,0,0,0,1.0,76.92,10.0
2009,KV Sharma,1,1,1,3,0,0,0,0,1.0,33.33,1.0
2009,Pankaj Singh,2,2,1,2,0,0,0,0,1.0,50.0,1.0
2009,DW Steyn,1,1,0,3,0,0,0,0,1.0,0.0,0.0
2009,KP Appanna,1,1,0,1,0,0,0,0,0.0,0.0,0.0
2009/10,JH Kallis,16,16,572,489,67,9,6,0,12.0,116.97,47.67
2009/10,RV Uthappa,14,14,374,218,21,27,3,0,12.0,171.56,31.17
2009/10,V Kohli,13,13,307,211,26,12,1,0,11.0,145.5,27.91
2009/10,R Dravid,11,11,256,199,34,3,1,0,9.0,128.64,28.44
2009/10,MK Pandey,13,13,249,225,27,7,0,0,11.0,110.67,22.64
2009/10,KP Pietersen,7,7,236,157,23,8,2,0,3.0,150.32,78.67
2009/10,LRPL Taylor,7,7,88,75,2,6,0,0,4.0,117.33,22.0
2009/10,CL White,5,5,48,33,3,3,0,0,2.0,145.45,24.0
2009/10,EJG Morgan,4,4,35,30,2,1,0,0,3.0,116.67,11.67
2009/10,R Vinay Kumar,5,5,27,32,1,0,0,0,3.0,84.38,9.0
2009/10,S Sriram,1,1,27,29,3,0,0,0,1.0,93.1,27.0
2009/10,DW Steyn,4,4,13,17,2,0,0,0,4.0,76.47,3.25
2009/10,MV Boucher,2,2,13,10,0,1,0,0,1.0,130.0,13.0
2009/10,SP Goswami,1,1,8,10,2,0,0,0,1.0,80.0,8.0
2009/10,A Kumble,5,5,6,11,0,0,0,0,0.0,54.55,6.0
2009/10,A Mithun,1,1,5,4,1,0,0,0,1.0,125.0,5.0
2009/10,P Kumar,3,3,4,8,0,0,0,0,2.0,50.0,2.0
2009/10,KP Appanna,2,2,2,3,0,0,0,0,1.0,66.67,2.0
2009/10,Pankaj Singh,1,1,1,2,0,0,0,0,1.0,50.0,1.0
2009/10,RE van der Merwe,1,1,1,2,0,0,0,0,1.0,50.0,1.0
2011,CH Gayle,12,12,608,331,57,44,3,2,9.0,183.69,67.56
2011,V Kohli,16,16,557,459,55,16,4,0,12.0,121.35,46.42
2011,AB de Villiers,13,13,312,242,21,14,2,0,8.0,128.93,39.0
2011,TM Dilshan,10,10,226,180,33,3,2,0,8.0,125.56,28.25
2011,SS Tiwary,13,13,187,186,13,5,0,0,8.0,100.54,23.38
2011,MA Agarwal,7,7,141,117,16,4,0,0,7.0,120.51,20.14
2011,LA Pomersbach,4,4,51,39,4,2,0,0,4.0,130.77,12.75
2011,M Kaif,4,4,41,33,5,0,0,0,3.0,124.24,13.67
2011,CA Pujara,3,3,34,31,4,0,0,0,3.0,109.68,11.33
2011,AUK Pathan,5,5,33,16,5,2,0,0,4.0,206.25,8.25
2011,A Mithun,4,4,27,20,3,1,0,0,3.0,135.0,9.0
2011,DL Vettori,4,4,23,28,1,1,0,0,1.0,82.14,23.0
2011,Z Khan,2,2,21,24,2,0,0,0,2.0,87.5,10.5
2011,JJ van der Wath,3,3,18,16,1,1,0,0,2.0,112.5,9.0
2011,J Syed Mohammad,2,2,15,12,2,0,0,0,0.0,125.0,15.0
2011,S Aravind,2,2,13,8,2,0,0,0,0.0,162.5,13.0
2011,CK Langeveldt,1,1,8,8,0,1,0,0,1.0,100.0,8.0
2011,KB Arun Karthik,2,2,7,8,1,0,0,0,2.0,87.5,3.5
2011,R Ninan,1,1,3,5,0,0,0,0,1.0,60.0,3.0
2012,CH Gayle,14,14,733,451,46,59,7,1,12.0,162.53,61.08
2012,V Kohli,15,15,364,325,33,10,2,0,12.0,112.0,30.33
2012,AB de Villiers,13,13,319,197,26,15,3,0,8.0,161.93,39.88
2012,TM Dilshan,9,9,285,259,33,5,3,0,7.0,110.04,40.71
2012,MA Agarwal,12,12,225,157,19,15,1,0,11.0,143.31,20.45
2012,SS Tiwary,11,11,191,167,9,8,0,0,8.0,114.37,23.88
2012,R Vinay Kumar,7,7,68,62,3,2,0,0,5.0,109.68,13.6
2012,AB McDonald,3,3,47,35,6,2,0,0,2.0,134.29,23.5
2012,DL Vettori,6,6,31,26,3,1,0,0,3.0,119.23,10.33
2012,CA Pujara,3,3,17,22,1,1,0,0,3.0,77.27,5.67
2012,HV Patel,3,3,15,15,1,0,0,0,2.0,100.0,7.5
2012,M Kaif,1,1,14,16,1,0,0,0,1.0,87.5,14.0
2012,S Aravind,1,1,14,8,3,0,0,0,0.0,175.0,14.0
2012,Z Khan,4,4,12,17,1,0,0,0,2.0,70.59,6.0
2012,AUK Pathan,2,2,6,7,0,0,0,0,1.0,85.71,6.0
2012,M Muralitharan,2,2,6,9,0,0,0,0,2.0,66.67,3.0
2012,J Syed Mohammad,1,1,4,1,1,0,0,0,0.0,400.0,4.0
2012,P Parameswaran,1,1,0,1,0,0,0,0,0.0,0.0,0.0
2012,RR Bhatkal,1,1,0,2,0,0,0,0,1.0,0.0,0.0
2013,CH Gayle,16,18,720,454,57,52,4,1,12.0,158.59,60.0
2013,V Kohli,16,17,639,454,65,22,6,0,14.0,140.75,45.64
2013,AB de Villiers,14,15,373,223,34,17,2,0,10.0,167.26,37.3
2013,MC Henriques,9,9,165,124,20,3,0,0,4.0,133.06,41.25
2013,SS Tiwary,6,6,109,106,4,4,1,0,4.0,102.83,27.25
2013,CA Pujara,4,4,92,99,14,0,1,0,4.0,92.93,23.0
2013,TM Dilshan,5,5,76,92,12,0,0,0,5.0,82.61,15.2
2013,R Vinay Kumar,5,5,70,44,6,3,0,0,1.0,159.09,70.0
2013,MA Agarwal,5,5,67,62,6,3,0,0,5.0,108.06,13.4
2013,KB Arun Karthik,5,5,41,38,3,1,0,0,3.0,107.89,13.67
2013,R Rampaul,6,6,38,36,3,1,0,0,4.0,105.56,9.5
2013,KL Rahul,2,2,20,16,4,0,0,0,2.0,125.0,10.0
2013,A Mukund,1,1,19,21,1,0,0,0,1.0,90.48,19.0
2013,J Syed Mohammad,2,2,10,13,1,0,0,0,2.0,76.92,5.0
2013,KK Nair,2,2,9,12,0,0,0,0,2.0,75.0,4.5
2013,DT Christian,2,2,6,15,0,0,0,0,2.0,40.0,3.0
2013,A Mithun,1,1,2,2,0,0,0,0,1.0,100.0,2.0
2013,JD Unadkat,2,2,2,2,0,0,0,0,0.0,100.0,2.0
2013,M Kartik,2,2,2,3,0,0,0,0,1.0,66.67,2.0
2013,AB McDonald,1,1,0,2,0,0,0,0,1.0,0.0,0.0
2014,AB de Villiers,13,13,395,248,26,24,3,0,11.0,159.27,35.91
2014,Yuvraj Singh,14,14,376,274,22,28,3,0,10.0,137.23,37.6
2014,V Kohli,14,14,359,294,23,16,2,0,13.0,122.11,27.62
2014,PA Patel,12,12,205,185,30,1,1,0,9.0,110.81,22.78
2014,CH Gayle,9,9,196,184,18,12,0,0,9.0,106.52,21.78
2014,YV Takawale,5,5,104,91,17,1,0,0,5.0,114.29,20.8
2014,MA Starc,8,8,85,84,9,0,0,0,5.0,101.19,17.0
2014,S Rana,7,7,73,64,7,1,0,0,3.0,114.06,24.33
2014,JA Morkel,5,5,45,41,1,3,0,0,3.0,109.76,15.0
2014,RR Rossouw,3,3,39,41,2,2,0,0,3.0,95.12,13.0
2014,VR Aaron,3,3,35,33,2,1,0,0,0.0,106.06,35.0
2014,VH Zol,2,2,29,26,3,1,0,0,2.0,111.54,14.5
2014,NJ Maddinson,2,2,16,14,3,0,0,0,2.0,114.29,8.0
2014,HV Patel,3,3,13,7,1,1,0,0,2.0,185.71,6.5
2014,R Rampaul,1,1,13,13,0,1,0,0,1.0,100.0,13.0
2014,AB Dinda,3,3,4,12,0,0,0,0,1.0,33.33,4.0
2014,AN Ahmed,1,1,4,1,1,0,0,0,0.0,400.0,4.0
2014,YS Chahal,1,1,1,1,0,0,0,0,0.0,100.0,1.0
2015,AB de Villiers,14,14,513,291,60,22,2,1,8.0,176.29,64.12
2015,V Kohli,16,16,505,386,35,23,3,0,11.0,130.83,45.91
2015,CH Gayle,14,14,491,331,39,38,2,1,12.0,148.34,40.92
2015,Mandeep Singh,8,8,157,100,17,6,1,0,6.0,157.0,26.17
2015,KD Karthik,11,11,141,117,15,4,0,0,9.0,120.51,15.67
2015,D Wiese,7,7,122,85,12,4,0,0,4.0,143.53,30.5
2015,SN Khan,7,7,111,70,12,2,0,0,4.0,158.57,27.75
2015,MS Bisla,2,2,37,30,6,1,0,0,2.0,123.33,18.5
2015,Iqbal Abdulla,2,2,20,17,4,0,0,0,1.0,117.65,20.0
2015,HV Patel,6,6,19,12,0,2,0,0,4.0,158.33,4.75
2015,SA Abbott,2,2,15,13,1,1,0,0,1.0,115.38,15.0
2015,RR Rossouw,2,2,14,10,1,1,0,0,2.0,140.0,7.0
2015,DJG Sammy,2,2,13,18,0,0,0,0,2.0,72.22,6.5
2015,MA Starc,3,3,11,14,1,0,0,0,1.0,78.57,11.0
2015,AN Ahmed,3,3,10,5,2,0,0,0,1.0,200.0,10.0
2015,VR Aaron,1,1,6,3,0,1,0,0,1.0,200.0,6.0
2015,NJ Maddinson,1,1,4,7,1,0,0,0,1.0,57.14,4.0
2015,YS Chahal,1,1,1,1,0,0,0,0,0.0,100.0,1.0
2015,S Aravind,1,1,0,1,0,0,0,0,0.0,0.0,0.0
2016,V Kohli,10,10,561,395,50,16,4,2,7.0,142.03,80.14
2016,AB de Villiers,9,9,385,234,35,16,4,0,9.0,164.53,42.78
2016,KL Rahul,7,7,264,179,26,11,3,0,6.0,147.49,44.0
2016,SR Watson,9,9,137,84,13,9,0,0,8.0,163.1,17.12
2016,Sachin Baby,3,3,76,51,6,2,0,0,3.0,149.02,25.33
2016,SN Khan,4,4,66,31,7,4,0,0,2.0,212.9,33.0
2016,TM Head,3,3,54,39,3,2,0,0,2.0,138.46,27.0
2016,KM Jadhav,3,3,42,31,2,2,0,0,0.0,135.48,42.0
2016,STR Binny,2,2,17,6,1,2,0,0,2.0,283.33,8.5
2016,Parvez Rasool,1,1,10,9,1,0,0,0,1.0,111.11,10.0
2016,CH Gayle,3,3,8,14,0,1,0,0,3.0,57.14,2.67
2016,D Wiese,1,1,5,4,0,0,0,0,0.0,125.0,5.0
2016,KW Richardson,1,1,1,1,0,0,0,0,0.0,100.0,1.0
2017,V Kohli,10,10,308,252,23,11,4,0,10.0,122.22,30.8
2017,KM Jadhav,13,13,267,183,25,10,1,0,11.0,145.9,24.27
2017,AB de Villiers,9,9,216,163,12,16,1,0,7.0,132.52,30.86
2017,CH Gayle,9,9,200,162,15,14,1,0,9.0,123.46,22.22
2017,Mandeep Singh,10,10,188,177,21,4,1,0,10.0,106.21,18.8
2017,TM Head,7,7,151,108,9,6,1,0,4.0,139.81,37.75
2017,P Negi,10,10,144,111,10,7,0,0,8.0,129.73,18.0
2017,STR Binny,7,7,78,76,6,3,0,0,5.0,102.63,15.6
2017,SR Watson,7,7,71,78,6,1,0,0,6.0,91.03,11.83
2017,S Aravind,6,6,32,40,2,0,0,0,3.0,80.0,10.67
2017,A Choudhary,3,3,25,20,1,1,0,0,1.0,125.0,25.0
2017,Vishnu Vinod,3,3,19,26,1,1,0,0,3.0,73.08,6.33
2017,Sachin Baby,3,3,15,15,2,0,0,0,3.0,100.0,5.0
2017,S Badree,5,5,13,23,0,0,0,0,5.0,56.52,2.6
2017,YS Chahal,6,6,13,26,0,0,0,0,2.0,50.0,6.5
2017,TS Mills,3,3,8,11,0,1,0,0,3.0,72.73,2.67
2017,AF Milne,3,3,7,12,0,0,0,0,2.0,58.33,3.5
2017,Iqbal Abdulla,1,1,5,7,0,0,0,0,0.0,71.43,5.0
2018,V Kohli,14,14,530,379,52,18,4,0,11.0,139.84,48.18
2018,AB de Villiers,11,11,480,275,39,30,6,0,9.0,174.55,53.33
2018,Mandeep Singh,13,13,252,186,16,11,0,0,10.0,135.48,25.2
2018,Q de Kock,8,8,201,162,20,8,1,0,7.0,124.07,28.71
2018,PA Patel,6,6,153,109,20,4,1,0,5.0,140.37,30.6
2018,C de Grandhomme,8,8,131,83,4,10,0,0,4.0,157.83,32.75
2018,BB McCullum,6,6,127,87,16,6,0,0,6.0,145.98,21.17
2018,MM Ali,4,4,77,46,4,6,1,0,4.0,167.39,19.25
2018,Washington Sundar,5,5,65,38,5,4,0,0,3.0,171.05,21.67
2018,M Vohra,4,4,55,47,2,4,0,0,4.0,117.02,13.75
2018,TG Southee,4,4,52,46,5,1,0,0,2.0,113.04,26.0
2018,SN Khan,6,6,51,41,7,1,0,0,5.0,124.39,10.2
2018,Mohammed Siraj,3,3,25,22,2,1,0,0,2.0,113.64,12.5
2018,CJ Anderson,3,3,17,22,0,1,0,0,3.0,77.27,5.67
2018,CR Woakes,4,4,17,19,1,1,0,0,2.0,89.47,8.5
2018,P Negi,2,2,3,5,0,0,0,0,1.0,60.0,3.0
2018,UT Yadav,5,5,3,11,0,0,0,0,4.0,27.27,0.75
2018,M Ashwin,1,1,1,2,0,0,0,0,1.0,50.0,1.0
2018,YS Chahal,1,1,0,4,0,0,0,0,0.0,0.0,0.0
2019,V Kohli,14,14,464,327,46,13,2,1,14.0,141.9,33.14
2019,AB de Villiers,13,13,442,287,31,26,5,0,10.0,154.01,44.2
2019,PA Patel,14,14,373,265,48,10,2,0,14.0,140.75,26.64
2019,MM Ali,10,10,220,133,16,17,2,0,6.0,165.41,36.67
2019,MP Stoinis,10,10,211,156,14,10,0,0,4.0,135.26,52.75
2019,Gurkeerat Singh,3,3,98,70,11,2,1,0,3.0,140.0,32.67
2019,SO Hetmyer,5,5,90,73,4,7,1,0,5.0,123.29,18.0
2019,AD Nath,5,5,61,57,5,2,0,0,5.0,107.02,12.2
2019,C de Grandhomme,4,4,46,49,4,2,0,0,2.0,93.88,23.0
2019,S Dube,4,4,40,33,1,3,0,0,3.0,121.21,13.33
2019,UT Yadav,5,5,25,25,3,1,0,0,1.0,100.0,25.0
2019,P Ray Barman,1,1,19,24,2,0,0,0,1.0,79.17,19.0
2019,H Klaasen,2,2,9,9,0,0,0,0,2.0,100.0,4.5
2019,P Negi,4,4,9,12,1,0,0,0,4.0,75.0,2.25
2019,TG Southee,1,1,9,9,0,0,0,0,0.0,100.0,9.0
2019,YS Chahal,3,3,6,16,0,0,0,0,2.0,37.5,3.0
2019,Mohammed Siraj,3,3,4,12,0,0,0,0,1.0,33.33,4.0
2019,Navdeep Saini,2,2,2,4,0,0,0,0,1.0,50.0,2.0
2019,Washington Sundar,2,2,1,3,0,0,0,0,2.0,33.33,0.5
2020/21,D Padikkal,15,15,473,378,51,8,5,0,14.0,125.13,33.79
2020/21,V Kohli,15,16,471,384,24,11,3,0,11.0,122.66,42.82
2020/21,AB de Villiers,14,15,460,287,34,23,5,0,10.0,160.28,46.0
2020/21,AJ Finch,12,12,268,239,28,8,1,0,12.0,112.13,22.33
2020/21,S Dube,9,9,129,105,5,9,0,0,7.0,122.86,18.43
2020/21,Washington Sundar,9,9,111,95,10,2,0,0,6.0,116.84,18.5
2020/21,JR Philippe,5,5,78,77,9,1,0,0,4.0,101.3,19.5
2020/21,Gurkeerat Singh,5,5,71,80,8,0,0,0,0.0,88.75,71.0
2020/21,CH Morris,5,5,34,21,2,3,0,0,4.0,161.9,8.5
2020/21,Navdeep Saini,3,3,27,27,3,0,0,0,1.0,100.0,27.0
2020/21,Mohammed Siraj,3,3,17,14,2,0,0,0,1.0,121.43,17.0
2020/21,I Udana,4,4,15,11,1,1,0,0,3.0,136.36,5.0
2020/21,MM Ali,3,3,12,16,1,0,0,0,3.0,75.0,4.0
2020/21,DW Steyn,1,1,1,2,0,0,0,0,0.0,50.0,1.0
2020/21,Shahbaz Ahmed,1,1,1,1,0,0,0,0,0.0,100.0,1.0
2020/21,YS Chahal,2,2,1,3,0,0,0,0,1.0,33.33,1.0
2020/21,UT Yadav,1,1,0,2,0,0,0,0,1.0,0.0,0.0
2021,GJ Maxwell,14,14,513,354,48,21,6,0,11.0,144.92,46.64
2021,D Padikkal,14,14,411,327,44,14,1,1,13.0,125.69,31.62
2021,V Kohli,15,15,405,337,43,9,3,0,14.0,120.18,28.93
2021,AB de Villiers,14,14,313,211,23,16,2,0,10.0,148.34,31.3
2021,KS Bharat,6,6,191,154,10,8,1,0,5.0,124.03,38.2
2021,RM Patidar,4,4,71,62,3,3,0,0,4.0,114.52,17.75
2021,KA Jamieson,7,7,65,55,5,3,0,0,3.0,118.18,21.67
2021,HV Patel,7,7,59,46,6,2,0,0,4.0,128.26,14.75
2021,Shahbaz Ahmed,7,7,59,53,4,2,0,0,7.0,111.32,8.43
2021,Washington Sundar,4,4,31,46,2,0,0,0,4.0,67.39,7.75
2021,Mohammed Siraj,4,4,20,26,1,1,0,0,1.0,76.92,20.0
2021,DT Christian,7,7,14,23,1,0,0,0,4.0,60.87,3.5
2021,YS Chahal,2,2,10,27,0,0,0,0,0.0,37.04,10.0
2021,Sachin Baby,1,1,7,16,0,0,0,0,1.0,43.75,7.0
2021,DR Sams,2,2,6,6,0,0,0,0,1.0,100.0,6.0
2021,GHS Garton,2,2,2,4,0,0,0,0,1.0,50.0,2.0
2021,Navdeep Saini,1,1,2,4,0,0,0,0,1.0,50.0,2.0
2021,PWH de Silva,2,2,1,2,0,0,0,0,1.0,50.0,1.0
2021,TH David,1,1,1,3,0,0,0,0,1.0,33.33,1.0
2022,F du Plessis,16,16,468,367,49,13,3,0,15.0,127.52,31.2
2022,V Kohli,16,16,341,294,32,8,2,0,14.0,115.99,24.36
2022,RM Patidar,7,7,333,217,27,18,2,1,6.0,153.46,55.5
2022,KD Karthik,16,16,330,178,27,22,1,0,5.0,185.39,66.0
2022,GJ Maxwell,13,13,301,177,31,15,1,0,10.0,170.06,30.1
2022,Shahbaz Ahmed,11,11,219,179,14,9,0,0,7.0,122.35,31.29
2022,Anuj Rawat,8,8,129,118,10,7,1,0,7.0,109.32,18.43
2022,MK Lomror,5,5,86,57,7,4,0,0,5.0,150.88,17.2
2022,SS Prabhudessai,5,5,67,58,7,2,0,0,5.0,115.52,13.4
2022,HV Patel,7,7,43,39,4,2,0,0,4.0,110.26,10.75
2022,PWH de Silva,7,7,38,43,4,1,0,0,7.0,88.37,5.43
2022,SE Rutherford,2,2,33,50,1,1,0,0,2.0,66.0,16.5
2022,Mohammed Siraj,4,4,30,33,5,0,0,0,2.0,90.91,15.0
2022,DJ Willey,2,2,18,30,3,0,0,0,2.0,60.0,9.0
2022,JR Hazlewood,5,5,18,26,1,0,0,0,0.0,69.23,18.0
2022,Akash Deep,1,1,0,2,0,0,0,0,1.0,0.0,0.0
2023,F du Plessis,14,14,730,472,60,36,8,0,13.0,154.66,56.15
2023,V Kohli,14,14,639,457,65,16,6,2,12.0,139.82,53.25
2023,GJ Maxwell,14,14,400,218,29,31,5,0,12.0,183.49,33.33
2023,KD Karthik,13,13,140,104,13,5,0,0,11.0,134.62,12.73
2023,MK Lomror,10,10,135,96,9,8,1,0,8.0,140.62,16.88
2023,Anuj Rawat,7,7,91,71,6,4,0,0,3.0,128.17,30.33
2023,MG Bracewell,4,4,58,47,6,1,0,0,2.0,123.4,29.0
2023,Shahbaz Ahmed,6,6,42,39,3,1,0,0,4.0,107.69,10.5
2023,DJ Willey,3,3,35,32,4,0,0,0,0.0,109.38,35.0
2023,SS Prabhudessai,4,4,35,29,1,2,0,0,3.0,120.69,11.67
2023,PWH de Silva,5,5,33,28,3,0,0,0,2.0,117.86,16.5
2023,Akash Deep,1,1,17,8,2,1,0,0,1.0,212.5,17.0
2023,Vijaykumar Vyshak,2,2,13,9,0,1,0,0,1.0,144.44,13.0
2023,KM Jadhav,1,1,12,10,1,0,0,0,0.0,120.0,12.0
2023,HV Patel,2,2,6,6,0,1,0,0,2.0,100.0,3.0
2023,KV Sharma,2,2,3,5,0,0,0,0,2.0,60.0,1.5
2023,WD Parnell,1,1,2,5,0,0,0,0,1.0,40.0,2.0
2023,JR Hazlewood,1,1,1,2,0,0,0,0,0.0,50.0,1.0
2023,Mohammed Siraj,2,2,1,2,0,0,0,0,1.0,50.0,1.0
2024,V Kohli,15,15,741,479,62,38,5,1,12.0,154.7,61.75
2024,F du Plessis,15,15,438,271,47,21,4,0,14.0,161.62,31.29
2024,RM Patidar,13,13,395,223,21,33,5,0,13.0,177.13,30.38
2024,KD Karthik,13,13,326,173,27,22,2,0,8.0,188.44,40.75
2024,C Green,12,12,255,178,22,10,0,0,8.0,143.26,31.88
2024,WG Jacks,8,8,230,130,16,18,1,1,6.0,176.92,38.33
2024,MK Lomror,10,10,125,68,9,9,0,0,8.0,183.82,15.62
2024,Anuj Rawat,5,5,98,77,10,3,0,0,3.0,127.27,32.67
2024,GJ Maxwell,9,9,52,43,6,2,0,0,9.0,120.93,5.78
2024,Swapnil Singh,5,5,37,21,3,3,0,0,2.0,176.19,18.5
2024,KV Sharma,3,3,31,15,2,3,0,0,2.0,206.67,15.5
2024,SS Prabhudessai,1,1,24,18,3,0,0,0,1.0,133.33,24.0
2024,Saurav Chauhan,3,3,18,15,1,1,0,0,3.0,120.0,6.0
2024,Mohammed Siraj,1,1,12,8,0,2,0,0,1.0,150.0,12.0
2024,RJW Topley,1,1,3,6,0,0,0,0,0.0,50.0,3.0
2024,Akash Deep,1,1,2,2,0,0,0,0,0.0,100.0,2.0
2024,LH Ferguson,1,1,1,1,0,0,0,0,1.0,100.0,1.0
2024,Vijaykumar Vyshak,2,2,1,3,0,0,0,0,1.0,33.33,1.0
2024,Mayank Dagar,1,1,0,1,0,0,0,0,0.0,0.0,0.0
2025,V Kohli,15,15,657,454,66,19,8,0,12.0,144.71,54.75
2025,PD Salt,13,13,403,227,48,22,4,0,12.0,177.53,33.58
2025,RM Patidar,14,14,312,217,25,14,2,0,12.0,143.78,26.0
2025,JM Sharma,11,11,261,147,24,17,1,0,7.0,177.55,37.29
2025,D Padikkal,10,10,247,163,22,14,2,0,9.0,151.53,27.44
2025,TH David,9,9,187,99,16,14,1,0,3.0,188.89,62.33
2025,LS Livingstone,8,8,112,84,4,9,1,0,7.0,133.33,16.0
2025,KH Pandya,7,7,109,85,9,4,1,0,6.0,128.24,18.17
2025,MA Agarwal,4,4,95,64,10,2,0,0,3.0,148.44,31.67
2025,R Shepherd,3,3,70,23,5,7,1,0,2.0,304.35,35.0
2025,JG Bethell,2,2,67,39,9,3,1,0,2.0,171.79,33.5
2025,B Kumar,6,6,14,25,1,0,0,0,3.0,56.0,4.67
2025,Yash Dayal,3,3,4,8,0,0,0,0,2.0,50.0,2.0
2025,MS Bhandage,1,1,1,4,0,0,0,0,1.0,25.0,1.0
2025,JR Hazlewood,1,1,0,1,0,0,0,0,0.0,0.0,0.0
2025,L Ngidi,1,1,0,2,0,0,0,0,0.0,0.0,0.0
2026,V Kohli,16,16,675,406,73,25,5,1,12.0,166.26,56.25
2026,RM Patidar,14,14,501,259,30,42,5,0,12.0,193.44,41.75
2026,D Padikkal,15,15,464,275,49,24,3,0,14.0,168.73,33.14
2026,TH David,15,15,305,159,22,23,1,0,9.0,191.82,33.89
2026,KH Pandya,9,9,226,153,20,11,1,0,6.0,147.71,37.67
2026,VR Iyer,6,6,209,112,21,13,1,0,4.0,186.61,52.25
2026,PD Salt,6,6,202,120,16,11,2,0,6.0,168.33,33.67
2026,JM Sharma,12,12,116,95,9,6,0,0,9.0,122.11,12.89
2026,JG Bethell,7,7,96,77,12,3,0,0,7.0,124.68,13.71
2026,R Shepherd,7,7,83,65,6,5,0,0,4.0,127.69,20.75
2026,B Kumar,4,4,34,26,3,1,0,0,0.0,130.77,34.0
2026,Rasikh Salam,1,1,3,2,0,0,0,0,0.0,150.0,3.0
2026,JR Hazlewood,1,1,0,1,0,0,0,0,1.0,0.0,0.0
