season,player,team,transaction_type,price_crore,price_source,runs,batting_matches,wickets,bowling_matches,matches,role,player_impact_score,runs_per_crore,wickets_per_crore,season_production_index,production_per_crore
2008,JH Kallis,Royal Challengers Bangalore,Auction,3.6,IPLT20stats,,,,,,Batter,30.17,,,,
2008,R Dravid,Royal Challengers Bangalore,Icon Player,2.28,IPLT20stats,,,,,,Batter,27.51,,,,
2008,A Kumble,Royal Challengers Bangalore,Auction,2.0,IPLT20stats,,,,,,Bowler,61.08,,,,
2008,P Kumar,Royal Challengers Bangalore,Auction,1.6,IPLT20stats,,,,,,Bowler,51.28,,,,
2008,Z Khan,Royal Challengers Bangalore,Auction,1.5,IPLT20stats,,,,,,Bowler,58.04,,,,
2008,DW Steyn,Royal Challengers Bangalore,Auction,1.2,IPLT20stats,,,,,,Bowler,51.48,,,,
2008,CL White,Royal Challengers Bangalore,Auction,1.1,IPLT20stats,,,,,,Batter,19.76,,,,
2008,LRPL Taylor,Royal Challengers Bangalore,Auction,0.5,IPLT20stats,,,,,,Batter,28.33,,,,
2008,Ashley Noffke,Royal Challengers Bangalore,Auction,0.45,IPLT20stats,,,,,,,,,,,
2008,MV Boucher,Royal Challengers Bangalore,Auction,0.45,IPLT20stats,,,,,,Batter,25.97,,,,
2008,Wasim Jaffer,Royal Challengers Bangalore,Auction,0.45,IPLT20stats,,,,,,,,,,,
2008,S Chanderpaul,Royal Challengers Bangalore,Auction,0.32,IPLT20stats,,,,,,Batter,10.36,,,,
2008,Abdur Razzak,Royal Challengers Bangalore,Auction,0.29,IPLT20stats,,,,,,Bowler,29.86,,,,
2008,Bharat Chipli,Royal Challengers Bangalore,Auction,0.2,IPLT20stats,,,,,,,,,,,
2008,Devraj Patil,Royal Challengers Bangalore,Auction,0.2,IPLT20stats,,,,,,,,,,,
2008,Jagadeesh Arunkumar,Royal Challengers Bangalore,Auction,0.2,IPLT20stats,,,,,,,,,,,
2008,Sunil Joshi,Royal Challengers Bangalore,Auction,0.2,IPLT20stats,,,,,,,,,,,
2008,Misbah-ul-Haq,Royal Challengers Bangalore,Auction,0.18,IPLT20stats,,,,,,Batter,20.04,,,,
2008,Balachandra Akhil,Royal Challengers Bangalore,Auction,0.15,IPLT20stats,,,,,,,,,,,
2008,R Vinay Kumar,Royal Challengers Bangalore,Auction,0.12,IPLT20stats,,,,,,Bowler,65.66,,,,
2008,V Kohli,Royal Challengers Bangalore,U19 Draft,0.12,IPLT20stats,,,,,,Batter,87.36,,,,
2008,Shreevats Goswami,Royal Challengers Bangalore,Auction,0.1,IPLT20stats,,,,,,,,,,,
