match_id,season,team,opponent,venue,city,winner,result
1082591,2017,Royal Challengers Bangalore,Sunrisers Hyderabad,"Rajiv Gandhi International Stadium, Uppal",Hyderabad,Sunrisers Hyderabad,Loss
1082595,2017,Royal Challengers Bangalore,Delhi Daredevils,M.Chinnaswamy Stadium,Bengaluru,Royal Challengers Bangalore,Win
1082598,2017,Royal Challengers Bangalore,Kings XI Punjab,Holkar Cricket Stadium,Indore,Kings XI Punjab,Loss
1082602,2017,Royal Challengers Bangalore,Mumbai Indians,M Chinnaswamy Stadium,Bangalore,Mumbai Indians,Loss
1082607,2017,Royal Challengers Bangalore,Rising Pune Supergiant,M Chinnaswamy Stadium,Bangalore,Rising Pune Supergiant,Loss
1082610,2017,Royal Challengers Bangalore,Gujarat Lions,Saurashtra Cricket Association Stadium,Rajkot,Royal Challengers Bangalore,Win
1082617,2017,Royal Challengers Bangalore,Kolkata Knight Riders,Eden Gardens,Kolkata,Kolkata Knight Riders,Loss
1082621,2017,Royal Challengers Bangalore,Gujarat Lions,M Chinnaswamy Stadium,Bangalore,Gujarat Lions,Loss
1082624,2017,Royal Challengers Bangalore,Rising Pune Supergiant,Maharashtra Cricket Association Stadium,Pune,Rising Pune Supergiant,Loss
1082628,2017,Royal Challengers Bangalore,Mumbai Indians,Wankhede Stadium,Mumbai,Mumbai Indians,Loss
1082633,2017,Royal Challengers Bangalore,Kings XI Punjab,M Chinnaswamy Stadium,Bangalore,Kings XI Punjab,Loss
1082636,2017,Royal Challengers Bangalore,Kolkata Knight Riders,M Chinnaswamy Stadium,Bangalore,Kolkata Knight Riders,Loss
1082646,2017,Royal Challengers Bangalore,Delhi Daredevils,Feroz Shah Kotla,Delhi,Royal Challengers Bangalore,Win
1136563,2018,Royal Challengers Bangalore,Kolkata Knight Riders,Eden Gardens,Kolkata,Kolkata Knight Riders,Loss
1136568,2018,Royal Challengers Bangalore,Kings XI Punjab,M.Chinnaswamy Stadium,Bengaluru,Royal Challengers Bangalore,Win
1136571,2018,Royal Challengers Bangalore,Rajasthan Royals,M.Chinnaswamy Stadium,Bengaluru,Rajasthan Royals,Loss
1136574,2018,Royal Challengers Bangalore,Mumbai Indians,Wankhede Stadium,Mumbai,Mumbai Indians,Loss
1136579,2018,Royal Challengers Bangalore,Delhi Daredevils,M.Chinnaswamy Stadium,Bengaluru,Royal Challengers Bangalore,Win
1136584,2018,Royal Challengers Bangalore,Chennai Super Kings,M.Chinnaswamy Stadium,Bengaluru,Chennai Super Kings,Loss
1136589,2018,Royal Challengers Bangalore,Kolkata Knight Riders,M.Chinnaswamy Stadium,Bengaluru,Kolkata Knight Riders,Loss
1136591,2018,Royal Challengers Bangalore,Mumbai Indians,M.Chinnaswamy Stadium,Bengaluru,Royal Challengers Bangalore,Win
1136595,2018,Royal Challengers Bangalore,Chennai Super Kings,Maharashtra Cricket Association Stadium,Pune,Chennai Super Kings,Loss
1136599,2018,Royal Challengers Bangalore,Sunrisers Hyderabad,Rajiv Gandhi International Stadium,Hyderabad,Sunrisers Hyderabad,Loss
1136605,2018,Royal Challengers Bangalore,Delhi Daredevils,Arun Jaitley Stadium,Delhi,Royal Challengers Bangalore,Win
1136608,2018,Royal Challengers Bangalore,Kings XI Punjab,Holkar Cricket Stadium,Indore,Royal Challengers Bangalore,Win
1136611,2018,Royal Challengers Bangalore,Sunrisers Hyderabad,M.Chinnaswamy Stadium,Bengaluru,Royal Challengers Bangalore,Win
1136613,2018,Royal Challengers Bangalore,Rajasthan Royals,Sawai Mansingh Stadium,Jaipur,Rajasthan Royals,Loss
1175356,2019,Royal Challengers Bangalore,Chennai Super Kings,MA Chidambaram Stadium,Chennai,Chennai Super Kings,Loss
1175362,2019,Royal Challengers Bangalore,Mumbai Indians,M.Chinnaswamy Stadium,Bengaluru,Mumbai Indians,Loss
1175366,2019,Royal Challengers Bangalore,Sunrisers Hyderabad,Rajiv Gandhi International Stadium,Hyderabad,Sunrisers Hyderabad,Loss
1175369,2019,Royal Challengers Bangalore,Rajasthan Royals,Sawai Mansingh Stadium,Jaipur,Rajasthan Royals,Loss
1175372,2019,Royal Challengers Bangalore,Kolkata Knight Riders,M.Chinnaswamy Stadium,Bengaluru,Kolkata Knight Riders,Loss
1178395,2019,Royal Challengers Bangalore,Delhi Capitals,M.Chinnaswamy Stadium,Bengaluru,Delhi Capitals,Loss
1178403,2019,Royal Challengers Bangalore,Kings XI Punjab,Punjab Cricket Association IS Bindra Stadium,Chandigarh,Royal Challengers Bangalore,Win
1178406,2019,Royal Challengers Bangalore,Mumbai Indians,Wankhede Stadium,Mumbai,Mumbai Indians,Loss
1178410,2019,Royal Challengers Bangalore,Kolkata Knight Riders,Eden Gardens,Kolkata,Royal Challengers Bangalore,Win
1178414,2019,Royal Challengers Bangalore,Chennai Super Kings,M.Chinnaswamy Stadium,Bengaluru,Royal Challengers Bangalore,Win
1178417,2019,Royal Challengers Bangalore,Kings XI Punjab,M.Chinnaswamy Stadium,Bengaluru,Royal Challengers Bangalore,Win
1178421,2019,Royal Challengers Bangalore,Delhi Capitals,Arun Jaitley Stadium,Delhi,Delhi Capitals,Loss
1178424,2019,Royal Challengers Bangalore,Rajasthan Royals,M.Chinnaswamy Stadium,Bengaluru,,No Result
1178429,2019,Royal Challengers Bangalore,Sunrisers Hyderabad,M.Chinnaswamy Stadium,Bengaluru,Royal Challengers Bangalore,Win
1216494,2020/21,Royal Challengers Bangalore,Kolkata Knight Riders,Sheikh Zayed Stadium,Abu Dhabi,Royal Challengers Bangalore,Win
1216499,2020/21,Royal Challengers Bangalore,Mumbai Indians,Sheikh Zayed Stadium,Abu Dhabi,Mumbai Indians,Loss
1216502,2020/21,Royal Challengers Bangalore,Sunrisers Hyderabad,Sharjah Cricket Stadium,,Sunrisers Hyderabad,Loss
1216505,2020/21,Royal Challengers Bangalore,Delhi Capitals,Sheikh Zayed Stadium,Abu Dhabi,Delhi Capitals,Loss
1216510,2020/21,Royal Challengers Bangalore,Kings XI Punjab,Dubai International Cricket Stadium,,Kings XI Punjab,Loss
1216514,2020/21,Royal Challengers Bangalore,Rajasthan Royals,Sheikh Zayed Stadium,Abu Dhabi,Royal Challengers Bangalore,Win
1216519,2020/21,Royal Challengers Bangalore,Delhi Capitals,Dubai International Cricket Stadium,,Delhi Capitals,Loss
1216522,2020/21,Royal Challengers Bangalore,Rajasthan Royals,Dubai International Cricket Stadium,,Royal Challengers Bangalore,Win
1216525,2020/21,Royal Challengers Bangalore,Chennai Super Kings,Dubai International Cricket Stadium,,Royal Challengers Bangalore,Win
1216531,2020/21,Royal Challengers Bangalore,Kings XI Punjab,Sharjah Cricket Stadium,,Kings XI Punjab,Loss
1216534,2020/21,Royal Challengers Bangalore,Sunrisers Hyderabad,Dubai International Cricket Stadium,,Royal Challengers Bangalore,Win
1216540,2020/21,Royal Challengers Bangalore,Kolkata Knight Riders,Sharjah Cricket Stadium,,Royal Challengers Bangalore,Win
1216544,2020/21,Royal Challengers Bangalore,Chennai Super Kings,Dubai International Cricket Stadium,,Chennai Super Kings,Loss
1216547,2020/21,Royal Challengers Bangalore,Mumbai Indians,Dubai International Cricket Stadium,,,No Result
1237178,2020/21,Royal Challengers Bangalore,Sunrisers Hyderabad,Sheikh Zayed Stadium,Abu Dhabi,Sunrisers Hyderabad,Loss
1254058,2021,Royal Challengers Bangalore,Mumbai Indians,"MA Chidambaram Stadium, Chepauk, Chennai",Chennai,Royal Challengers Bangalore,Win
1254063,2021,Royal Challengers Bangalore,Sunrisers Hyderabad,"MA Chidambaram Stadium, Chepauk, Chennai",Chennai,Royal Challengers Bangalore,Win
1254067,2021,Royal Challengers Bangalore,Kolkata Knight Riders,"MA Chidambaram Stadium, Chepauk, Chennai",Chennai,Royal Challengers Bangalore,Win
1254073,2021,Royal Challengers Bangalore,Rajasthan Royals,"Wankhede Stadium, Mumbai",Mumbai,Royal Challengers Bangalore,Win
1254076,2021,Royal Challengers Bangalore,Chennai Super Kings,"Wankhede Stadium, Mumbai",Mumbai,Chennai Super Kings,Loss
1254079,2021,Royal Challengers Bangalore,Delhi Capitals,"Narendra Modi Stadium, Ahmedabad",Ahmedabad,Royal Challengers Bangalore,Win
1254083,2021,Royal Challengers Bangalore,Punjab Kings,"Narendra Modi Stadium, Ahmedabad",Ahmedabad,Punjab Kings,Loss
1254087,2021,Royal Challengers Bangalore,Kolkata Knight Riders,"Zayed Cricket Stadium, Abu Dhabi",Abu Dhabi,Kolkata Knight Riders,Loss
1254090,2021,Royal Challengers Bangalore,Punjab Kings,Sharjah Cricket Stadium,Sharjah,Royal Challengers Bangalore,Win
1254095,2021,Royal Challengers Bangalore,Sunrisers Hyderabad,"Zayed Cricket Stadium, Abu Dhabi",Abu Dhabi,Sunrisers Hyderabad,Loss
1254101,2021,Royal Challengers Bangalore,Delhi Capitals,Dubai International Cricket Stadium,Dubai,Royal Challengers Bangalore,Win
1254103,2021,Royal Challengers Bangalore,Rajasthan Royals,Dubai International Cricket Stadium,Dubai,Royal Challengers Bangalore,Win
1254108,2021,Royal Challengers Bangalore,Mumbai Indians,Dubai International Cricket Stadium,Dubai,Royal Challengers Bangalore,Win
1254113,2021,Royal Challengers Bangalore,Chennai Super Kings,Sharjah Cricket Stadium,Sharjah,Chennai Super Kings,Loss
1254115,2021,Royal Challengers Bangalore,Kolkata Knight Riders,Sharjah Cricket Stadium,Sharjah,Kolkata Knight Riders,Loss
1304049,2022,Royal Challengers Bangalore,Punjab Kings,"Dr DY Patil Sports Academy, Mumbai",Mumbai,Punjab Kings,Loss
1304052,2022,Royal Challengers Bangalore,Kolkata Knight Riders,"Dr DY Patil Sports Academy, Mumbai",Mumbai,Royal Challengers Bangalore,Win
1304059,2022,Royal Challengers Bangalore,Rajasthan Royals,"Wankhede Stadium, Mumbai",Mumbai,Royal Challengers Bangalore,Win
1304064,2022,Royal Challengers Bangalore,Mumbai Indians,"Maharashtra Cricket Association Stadium, Pune",Pune,Royal Challengers Bangalore,Win
1304068,2022,Royal Challengers Bangalore,Chennai Super Kings,"Dr DY Patil Sports Academy, Mumbai",Mumbai,Chennai Super Kings,Loss
1304073,2022,Royal Challengers Bangalore,Delhi Capitals,"Wankhede Stadium, Mumbai",Mumbai,Royal Challengers Bangalore,Win
1304077,2022,Royal Challengers Bangalore,Lucknow Super Giants,"Dr DY Patil Sports Academy, Mumbai",Mumbai,Royal Challengers Bangalore,Win
1304082,2022,Royal Challengers Bangalore,Sunrisers Hyderabad,"Brabourne Stadium, Mumbai",Mumbai,Sunrisers Hyderabad,Loss
1304085,2022,Royal Challengers Bangalore,Rajasthan Royals,"Maharashtra Cricket Association Stadium, Pune",Pune,Rajasthan Royals,Loss
1304089,2022,Royal Challengers Bangalore,Gujarat Titans,"Brabourne Stadium, Mumbai",Mumbai,Gujarat Titans,Loss
1304095,2022,Royal Challengers Bangalore,Chennai Super Kings,"Maharashtra Cricket Association Stadium, Pune",Pune,Royal Challengers Bangalore,Win
1304100,2022,Royal Challengers Bangalore,Sunrisers Hyderabad,"Wankhede Stadium, Mumbai",Mumbai,Royal Challengers Bangalore,Win
1304106,2022,Royal Challengers Bangalore,Punjab Kings,"Brabourne Stadium, Mumbai",Mumbai,Punjab Kings,Loss
1304113,2022,Royal Challengers Bangalore,Gujarat Titans,"Wankhede Stadium, Mumbai",Mumbai,Royal Challengers Bangalore,Win
1312198,2022,Royal Challengers Bangalore,Lucknow Super Giants,"Eden Gardens, Kolkata",Kolkata,Royal Challengers Bangalore,Win
1312199,2022,Royal Challengers Bangalore,Rajasthan Royals,"Narendra Modi Stadium, Ahmedabad",Ahmedabad,Rajasthan Royals,Loss
1359479,2023,Royal Challengers Bangalore,Mumbai Indians,"M Chinnaswamy Stadium, Bengaluru",Bengaluru,Royal Challengers Bangalore,Win
1359483,2023,Royal Challengers Bangalore,Kolkata Knight Riders,"Eden Gardens, Kolkata",Kolkata,Kolkata Knight Riders,Loss
1359489,2023,Royal Challengers Bangalore,Lucknow Super Giants,"M Chinnaswamy Stadium, Bengaluru",Bengaluru,Lucknow Super Giants,Loss
1359494,2023,Royal Challengers Bangalore,Delhi Capitals,"M Chinnaswamy Stadium, Bengaluru",Bengaluru,Royal Challengers Bangalore,Win
1359498,2023,Royal Challengers Bangalore,Chennai Super Kings,"M Chinnaswamy Stadium, Bengaluru",Bengaluru,Chennai Super Kings,Loss
1359501,2023,Royal Challengers Bangalore,Punjab Kings,"Punjab Cricket Association IS Bindra Stadium, Mohali, Chandigarh",Chandigarh,Royal Challengers Bangalore,Win
1359506,2023,Royal Challengers Bangalore,Rajasthan Royals,"M Chinnaswamy Stadium, Bengaluru",Bengaluru,Royal Challengers Bangalore,Win
1359510,2023,Royal Challengers Bangalore,Kolkata Knight Riders,"M Chinnaswamy Stadium, Bengaluru",Bengaluru,Kolkata Knight Riders,Loss
1359517,2023,Royal Challengers Bangalore,Lucknow Super Giants,"Bharat Ratna Shri Atal Bihari Vajpayee Ekana Cricket Stadium, Lucknow",Lucknow,Royal Challengers Bangalore,Win
1359524,2023,Royal Challengers Bangalore,Delhi Capitals,"Arun Jaitley Stadium, Delhi",Delhi,Delhi Capitals,Loss
1359528,2023,Royal Challengers Bangalore,Mumbai Indians,"Wankhede Stadium, Mumbai",Mumbai,Mumbai Indians,Loss
1359534,2023,Royal Challengers Bangalore,Rajasthan Royals,"Sawai Mansingh Stadium, Jaipur",Jaipur,Royal Challengers Bangalore,Win
1359539,2023,Royal Challengers Bangalore,Sunrisers Hyderabad,"Rajiv Gandhi International Stadium, Uppal, Hyderabad",Hyderabad,Royal Challengers Bangalore,Win
1359544,2023,Royal Challengers Bangalore,Gujarat Titans,"M Chinnaswamy Stadium, Bengaluru",Bengaluru,Gujarat Titans,Loss
1422119,2024,Royal Challengers Bangalore,Chennai Super Kings,"MA Chidambaram Stadium, Chepauk, Chennai",Chennai,Chennai Super Kings,Loss
1422124,2024,Royal Challengers Bangalore,Punjab Kings,"M Chinnaswamy Stadium, Bengaluru",Bengaluru,Royal Challengers Bengaluru,Win
1422128,2024,Royal Challengers Bangalore,Kolkata Knight Riders,"M Chinnaswamy Stadium, Bengaluru",Bengaluru,Kolkata Knight Riders,Loss
1422133,2024,Royal Challengers Bangalore,Lucknow Super Giants,"M Chinnaswamy Stadium, Bengaluru",Bengaluru,Lucknow Super Giants,Loss
1422137,2024,Royal Challengers Bangalore,Rajasthan Royals,"Sawai Mansingh Stadium, Jaipur",Jaipur,Rajasthan Royals,Loss
1426263,2024,Royal Challengers Bangalore,Mumbai Indians,"Wankhede Stadium, Mumbai",Mumbai,Mumbai Indians,Loss
1426268,2024,Royal Challengers Bangalore,Sunrisers Hyderabad,"M Chinnaswamy Stadium, Bengaluru",Bengaluru,Sunrisers Hyderabad,Loss
1426274,2024,Royal Challengers Bangalore,Kolkata Knight Riders,"Eden Gardens, Kolkata",Kolkata,Kolkata Knight Riders,Loss
1426279,2024,Royal Challengers Bangalore,Sunrisers Hyderabad,"Rajiv Gandhi International Stadium, Uppal, Hyderabad",Hyderabad,Royal Challengers Bengaluru,Win
1426283,2024,Royal Challengers Bangalore,Gujarat Titans,"Narendra Modi Stadium, Ahmedabad",Ahmedabad,Royal Challengers Bengaluru,Win
1426290,2024,Royal Challengers Bangalore,Gujarat Titans,"M Chinnaswamy Stadium, Bengaluru",Bengaluru,Royal Challengers Bengaluru,Win
1426296,2024,Royal Challengers Bangalore,Punjab Kings,"Himachal Pradesh Cricket Association Stadium, Dharamsala",Dharamsala,Royal Challengers Bengaluru,Win
1426300,2024,Royal Challengers Bangalore,Delhi Capitals,"M Chinnaswamy Stadium, Bengaluru",Bengaluru,Royal Challengers Bengaluru,Win
1426306,2024,Royal Challengers Bangalore,Chennai Super Kings,"M Chinnaswamy Stadium, Bengaluru",Bengaluru,Royal Challengers Bengaluru,Win
1426310,2024,Royal Challengers Bangalore,Rajasthan Royals,"Narendra Modi Stadium, Ahmedabad",Ahmedabad,Rajasthan Royals,Loss
1473438,2025,Royal Challengers Bangalore,Kolkata Knight Riders,"Eden Gardens, Kolkata",Kolkata,Royal Challengers Bengaluru,Win
1473445,2025,Royal Challengers Bangalore,Chennai Super Kings,"MA Chidambaram Stadium, Chepauk, Chennai",Chennai,Royal Challengers Bengaluru,Win
1473451,2025,Royal Challengers Bangalore,Gujarat Titans,"M Chinnaswamy Stadium, Bengaluru",Bengaluru,Gujarat Titans,Loss
1473458,2025,Royal Challengers Bangalore,Mumbai Indians,"Wankhede Stadium, Mumbai",Mumbai,Royal Challengers Bengaluru,Win
1473461,2025,Royal Challengers Bangalore,Delhi Capitals,"M Chinnaswamy Stadium, Bengaluru",Bengaluru,Delhi Capitals,Loss
1473465,2025,Royal Challengers Bangalore,Rajasthan Royals,"Sawai Mansingh Stadium, Jaipur",Jaipur,Royal Challengers Bengaluru,Win
1473471,2025,Royal Challengers Bangalore,Punjab Kings,"M Chinnaswamy Stadium, Bengaluru",Bengaluru,Punjab Kings,Loss
1473474,2025,Royal Challengers Bangalore,Punjab Kings,"Maharaja Yadavindra Singh International Cricket Stadium, Mullanpur",Mohali,Royal Challengers Bengaluru,Win
1473479,2025,Royal Challengers Bangalore,Rajasthan Royals,"M Chinnaswamy Stadium, Bengaluru",Bengaluru,Royal Challengers Bengaluru,Win
1473483,2025,Royal Challengers Bangalore,Delhi Capitals,"Arun Jaitley Stadium, Delhi",Delhi,Royal Challengers Bengaluru,Win
1473489,2025,Royal Challengers Bangalore,Chennai Super Kings,"M Chinnaswamy Stadium, Bengaluru",Bengaluru,Royal Challengers Bengaluru,Win
1473503,2025,Royal Challengers Bangalore,Sunrisers Hyderabad,"Bharat Ratna Shri Atal Bihari Vajpayee Ekana Cricket Stadium, Lucknow",Lucknow,Sunrisers Hyderabad,Loss
1473507,2025,Royal Challengers Bangalore,Lucknow Super Giants,"Bharat Ratna Shri Atal Bihari Vajpayee Ekana Cricket Stadium, Lucknow",Lucknow,Royal Challengers Bengaluru,Win
1473508,2025,Royal Challengers Bangalore,Punjab Kings,"Maharaja Yadavindra Singh International Cricket Stadium, Mullanpur",New Chandigarh,Royal Challengers Bengaluru,Win
1473511,2025,Royal Challengers Bangalore,Punjab Kings,"Narendra Modi Stadium, Ahmedabad",Ahmedabad,Royal Challengers Bengaluru,Win
1527674,2026,Royal Challengers Bangalore,Sunrisers Hyderabad,"M Chinnaswamy Stadium, Bengaluru",Bengaluru,Royal Challengers Bengaluru,Win
1527684,2026,Royal Challengers Bangalore,Chennai Super Kings,"M Chinnaswamy Stadium, Bengaluru",Bengaluru,Royal Challengers Bengaluru,Win
1527689,2026,Royal Challengers Bangalore,Rajasthan Royals,"Barsapara Cricket Stadium, Guwahati",Guwahati,Rajasthan Royals,Loss
1527693,2026,Royal Challengers Bangalore,Mumbai Indians,"Wankhede Stadium, Mumbai",Mumbai,Royal Challengers Bengaluru,Win
1529266,2026,Royal Challengers Bangalore,Lucknow Super Giants,"M Chinnaswamy Stadium, Bengaluru",Bengaluru,Royal Challengers Bengaluru,Win
1529269,2026,Royal Challengers Bangalore,Delhi Capitals,"M Chinnaswamy Stadium, Bengaluru",Bengaluru,Delhi Capitals,Loss
1529277,2026,Royal Challengers Bangalore,Gujarat Titans,"M Chinnaswamy Stadium, Bengaluru",Bengaluru,Royal Challengers Bengaluru,Win
1529282,2026,Royal Challengers Bangalore,Delhi Capitals,"Arun Jaitley Stadium, Delhi",Delhi,Royal Challengers Bengaluru,Win
1529285,2026,Royal Challengers Bangalore,Gujarat Titans,"Narendra Modi Stadium, Ahmedabad",Ahmedabad,Gujarat Titans,Loss
1529293,2026,Royal Challengers Bangalore,Lucknow Super Giants,"Bharat Ratna Shri Atal Bihari Vajpayee Ekana Cricket Stadium, Lucknow",Lucknow,Lucknow Super Giants,Loss
1529297,2026,Royal Challengers Bangalore,Mumbai Indians,"Shaheed Veer Narayan Singh International Stadium, Raipur",Raipur,Royal Challengers Bengaluru,Win
1529300,2026,Royal Challengers Bangalore,Kolkata Knight Riders,"Shaheed Veer Narayan Singh International Stadium, Raipur",Raipur,Royal Challengers Bengaluru,Win
1529304,2026,Royal Challengers Bangalore,Punjab Kings,"Himachal Pradesh Cricket Association Stadium, Dharamsala",Dharamsala,Royal Challengers Bengaluru,Win
1529310,2026,Royal Challengers Bangalore,Sunrisers Hyderabad,"Rajiv Gandhi International Stadium, Uppal, Hyderabad",Hyderabad,Sunrisers Hyderabad,Loss
1535462,2026,Royal Challengers Bangalore,Gujarat Titans,"Himachal Pradesh Cricket Association Stadium, Dharamsala",Dharamsala,Royal Challengers Bengaluru,Win
1535465,2026,Royal Challengers Bangalore,Gujarat Titans,"Narendra Modi Stadium, Ahmedabad",Ahmedabad,Royal Challengers Bengaluru,Win
335982,2007/08,Royal Challengers Bangalore,Kolkata Knight Riders,M Chinnaswamy Stadium,Bangalore,Kolkata Knight Riders,Loss
335985,2007/08,Royal Challengers Bangalore,Mumbai Indians,Wankhede Stadium,Mumbai,Royal Challengers Bangalore,Win
335992,2007/08,Royal Challengers Bangalore,Rajasthan Royals,M Chinnaswamy Stadium,Bangalore,Rajasthan Royals,Loss
335996,2007/08,Royal Challengers Bangalore,Chennai Super Kings,M Chinnaswamy Stadium,Bangalore,Chennai Super Kings,Loss
335998,2007/08,Royal Challengers Bangalore,Delhi Daredevils,Feroz Shah Kotla,Delhi,Delhi Daredevils,Loss
336002,2007/08,Royal Challengers Bangalore,Deccan Chargers,"Rajiv Gandhi International Stadium, Uppal",Hyderabad,Royal Challengers Bangalore,Win
336006,2007/08,Royal Challengers Bangalore,Kings XI Punjab,M Chinnaswamy Stadium,Bangalore,Kings XI Punjab,Loss
336010,2007/08,Royal Challengers Bangalore,Kolkata Knight Riders,Eden Gardens,Kolkata,Kolkata Knight Riders,Loss
336012,2007/08,Royal Challengers Bangalore,Mumbai Indians,M Chinnaswamy Stadium,Bangalore,Mumbai Indians,Loss
336016,2007/08,Royal Challengers Bangalore,Kings XI Punjab,"Punjab Cricket Association Stadium, Mohali",Chandigarh,Kings XI Punjab,Loss
336023,2007/08,Royal Challengers Bangalore,Rajasthan Royals,Sawai Mansingh Stadium,Jaipur,Rajasthan Royals,Loss
336026,2007/08,Royal Challengers Bangalore,Delhi Daredevils,M Chinnaswamy Stadium,Bangalore,Delhi Daredevils,Loss
336029,2007/08,Royal Challengers Bangalore,Chennai Super Kings,"MA Chidambaram Stadium, Chepauk",Chennai,Royal Challengers Bangalore,Win
336034,2007/08,Royal Challengers Bangalore,Deccan Chargers,M Chinnaswamy Stadium,Bangalore,Royal Challengers Bangalore,Win
392182,2009,Royal Challengers Bangalore,Rajasthan Royals,Newlands,Cape Town,Royal Challengers Bangalore,Win
392185,2009,Royal Challengers Bangalore,Chennai Super Kings,St George's Park,Port Elizabeth,Chennai Super Kings,Loss
392188,2009,Royal Challengers Bangalore,Deccan Chargers,Newlands,Cape Town,Deccan Chargers,Loss
392191,2009,Royal Challengers Bangalore,Kings XI Punjab,Kingsmead,Durban,Kings XI Punjab,Loss
392194,2009,Royal Challengers Bangalore,Delhi Daredevils,St George's Park,Port Elizabeth,Delhi Daredevils,Loss
392199,2009,Royal Challengers Bangalore,Kolkata Knight Riders,Kingsmead,Durban,Royal Challengers Bangalore,Win
392204,2009,Royal Challengers Bangalore,Kings XI Punjab,Kingsmead,Durban,Royal Challengers Bangalore,Win
392208,2009,Royal Challengers Bangalore,Mumbai Indians,New Wanderers Stadium,Johannesburg,Royal Challengers Bangalore,Win
392213,2009,Royal Challengers Bangalore,Rajasthan Royals,SuperSport Park,Centurion,Rajasthan Royals,Loss
392218,2009,Royal Challengers Bangalore,Mumbai Indians,St George's Park,Port Elizabeth,Mumbai Indians,Loss
392221,2009,Royal Challengers Bangalore,Kolkata Knight Riders,SuperSport Park,Centurion,Royal Challengers Bangalore,Win
392224,2009,Royal Challengers Bangalore,Chennai Super Kings,Kingsmead,Durban,Royal Challengers Bangalore,Win
392232,2009,Royal Challengers Bangalore,Delhi Daredevils,New Wanderers Stadium,Johannesburg,Royal Challengers Bangalore,Win
392236,2009,Royal Challengers Bangalore,Deccan Chargers,SuperSport Park,Centurion,Royal Challengers Bangalore,Win
392238,2009,Royal Challengers Bangalore,Chennai Super Kings,New Wanderers Stadium,Johannesburg,Royal Challengers Bangalore,Win
392239,2009,Royal Challengers Bangalore,Deccan Chargers,New Wanderers Stadium,Johannesburg,Deccan Chargers,Loss
419109,2009/10,Royal Challengers Bangalore,Kolkata Knight Riders,Eden Gardens,Kolkata,Kolkata Knight Riders,Loss
419112,2009/10,Royal Challengers Bangalore,Kings XI Punjab,M Chinnaswamy Stadium,Bangalore,Royal Challengers Bangalore,Win
419115,2009/10,Royal Challengers Bangalore,Rajasthan Royals,M Chinnaswamy Stadium,Bangalore,Royal Challengers Bangalore,Win
419119,2009/10,Royal Challengers Bangalore,Mumbai Indians,Brabourne Stadium,Mumbai,Royal Challengers Bangalore,Win
419123,2009/10,Royal Challengers Bangalore,Chennai Super Kings,M Chinnaswamy Stadium,Bangalore,Royal Challengers Bangalore,Win
419128,2009/10,Royal Challengers Bangalore,Delhi Daredevils,M Chinnaswamy Stadium,Bangalore,Delhi Daredevils,Loss
419133,2009/10,Royal Challengers Bangalore,Chennai Super Kings,"MA Chidambaram Stadium, Chepauk",Chennai,Chennai Super Kings,Loss
419136,2009/10,Royal Challengers Bangalore,Kings XI Punjab,"Punjab Cricket Association Stadium, Mohali",Chandigarh,Royal Challengers Bangalore,Win
419140,2009/10,Royal Challengers Bangalore,Delhi Daredevils,Feroz Shah Kotla,Delhi,Delhi Daredevils,Loss
419145,2009/10,Royal Challengers Bangalore,Deccan Chargers,M Chinnaswamy Stadium,Bangalore,Deccan Chargers,Loss
419148,2009/10,Royal Challengers Bangalore,Kolkata Knight Riders,M Chinnaswamy Stadium,Bangalore,Royal Challengers Bangalore,Win
419151,2009/10,Royal Challengers Bangalore,Deccan Chargers,"Vidarbha Cricket Association Stadium, Jamtha",Nagpur,Deccan Chargers,Loss
419154,2009/10,Royal Challengers Bangalore,Rajasthan Royals,Sawai Mansingh Stadium,Jaipur,Royal Challengers Bangalore,Win
419157,2009/10,Royal Challengers Bangalore,Mumbai Indians,M Chinnaswamy Stadium,Bangalore,Mumbai Indians,Loss
419162,2009/10,Royal Challengers Bangalore,Mumbai Indians,Dr DY Patil Sports Academy,Mumbai,Mumbai Indians,Loss
419164,2009/10,Royal Challengers Bangalore,Deccan Chargers,Dr DY Patil Sports Academy,Mumbai,Royal Challengers Bangalore,Win
501200,2011,Royal Challengers Bangalore,Kochi Tuskers Kerala,Nehru Stadium,Kochi,Royal Challengers Bangalore,Win
501205,2011,Royal Challengers Bangalore,Mumbai Indians,M Chinnaswamy Stadium,Bangalore,Mumbai Indians,Loss
501208,2011,Royal Challengers Bangalore,Deccan Chargers,"Rajiv Gandhi International Stadium, Uppal",Hyderabad,Deccan Chargers,Loss
501211,2011,Royal Challengers Bangalore,Chennai Super Kings,"MA Chidambaram Stadium, Chepauk",Chennai,Chennai Super Kings,Loss
501222,2011,Royal Challengers Bangalore,Kolkata Knight Riders,Eden Gardens,Kolkata,Royal Challengers Bangalore,Win
501227,2011,Royal Challengers Bangalore,Delhi Daredevils,Feroz Shah Kotla,Delhi,Royal Challengers Bangalore,Win
501232,2011,Royal Challengers Bangalore,Pune Warriors,M Chinnaswamy Stadium,Bangalore,Royal Challengers Bangalore,Win
501244,2011,Royal Challengers Bangalore,Kings XI Punjab,M Chinnaswamy Stadium,Bangalore,Royal Challengers Bangalore,Win
501247,2011,Royal Challengers Bangalore,Kochi Tuskers Kerala,M Chinnaswamy Stadium,Bangalore,Royal Challengers Bangalore,Win
501252,2011,Royal Challengers Bangalore,Rajasthan Royals,Sawai Mansingh Stadium,Jaipur,Royal Challengers Bangalore,Win
501255,2011,Royal Challengers Bangalore,Kolkata Knight Riders,M Chinnaswamy Stadium,Bangalore,Royal Challengers Bangalore,Win
501260,2011,Royal Challengers Bangalore,Kings XI Punjab,Himachal Pradesh Cricket Association Stadium,Dharamsala,Kings XI Punjab,Loss
501266,2011,Royal Challengers Bangalore,Chennai Super Kings,M Chinnaswamy Stadium,Bangalore,Royal Challengers Bangalore,Win
501268,2011,Royal Challengers Bangalore,Chennai Super Kings,Wankhede Stadium,Mumbai,Chennai Super Kings,Loss
501270,2011,Royal Challengers Bangalore,Mumbai Indians,"MA Chidambaram Stadium, Chepauk",Chennai,Royal Challengers Bangalore,Win
501271,2011,Royal Challengers Bangalore,Chennai Super Kings,"MA Chidambaram Stadium, Chepauk",Chennai,Chennai Super Kings,Loss
548310,2012,Royal Challengers Bangalore,Delhi Daredevils,M Chinnaswamy Stadium,Bangalore,Royal Challengers Bangalore,Win
548315,2012,Royal Challengers Bangalore,Kolkata Knight Riders,M Chinnaswamy Stadium,Bangalore,Kolkata Knight Riders,Loss
548318,2012,Royal Challengers Bangalore,Chennai Super Kings,"MA Chidambaram Stadium, Chepauk",Chennai,Chennai Super Kings,Loss
548324,2012,Royal Challengers Bangalore,Rajasthan Royals,M Chinnaswamy Stadium,Bangalore,Rajasthan Royals,Loss
548327,2012,Royal Challengers Bangalore,Pune Warriors,M Chinnaswamy Stadium,Bangalore,Royal Challengers Bangalore,Win
548331,2012,Royal Challengers Bangalore,Kings XI Punjab,"Punjab Cricket Association Stadium, Mohali",Chandigarh,Royal Challengers Bangalore,Win
548336,2012,Royal Challengers Bangalore,Rajasthan Royals,Sawai Mansingh Stadium,Jaipur,Royal Challengers Bangalore,Win
548344,2012,Royal Challengers Bangalore,Kolkata Knight Riders,Eden Gardens,Kolkata,Kolkata Knight Riders,Loss
548350,2012,Royal Challengers Bangalore,Kings XI Punjab,M Chinnaswamy Stadium,Bangalore,Kings XI Punjab,Loss
548356,2012,Royal Challengers Bangalore,Deccan Chargers,M Chinnaswamy Stadium,Bangalore,Royal Challengers Bangalore,Win
548360,2012,Royal Challengers Bangalore,Mumbai Indians,Wankhede Stadium,Mumbai,Royal Challengers Bangalore,Win
548362,2012,Royal Challengers Bangalore,Pune Warriors,Subrata Roy Sahara Stadium,Pune,Royal Challengers Bangalore,Win
548367,2012,Royal Challengers Bangalore,Mumbai Indians,M Chinnaswamy Stadium,Bangalore,Mumbai Indians,Loss
548372,2012,Royal Challengers Bangalore,Delhi Daredevils,Feroz Shah Kotla,Delhi,Royal Challengers Bangalore,Win
548376,2012,Royal Challengers Bangalore,Deccan Chargers,"Rajiv Gandhi International Stadium, Uppal",Hyderabad,Deccan Chargers,Loss
597999,2013,Royal Challengers Bangalore,Mumbai Indians,M Chinnaswamy Stadium,Bangalore,Royal Challengers Bangalore,Win
598004,2013,Royal Challengers Bangalore,Sunrisers Hyderabad,"Rajiv Gandhi International Stadium, Uppal",Hyderabad,,No Result
598008,2013,Royal Challengers Bangalore,Kolkata Knight Riders,M Chinnaswamy Stadium,Bangalore,Royal Challengers Bangalore,Win
598012,2013,Royal Challengers Bangalore,Chennai Super Kings,"MA Chidambaram Stadium, Chepauk",Chennai,Chennai Super Kings,Loss
598017,2013,Royal Challengers Bangalore,Delhi Daredevils,M Chinnaswamy Stadium,Bangalore,,No Result
598023,2013,Royal Challengers Bangalore,Rajasthan Royals,M Chinnaswamy Stadium,Bangalore,Royal Challengers Bangalore,Win
598027,2013,Royal Challengers Bangalore,Pune Warriors,M Chinnaswamy Stadium,Bangalore,Royal Challengers Bangalore,Win
598033,2013,Royal Challengers Bangalore,Mumbai Indians,Wankhede Stadium,Mumbai,Mumbai Indians,Loss
598036,2013,Royal Challengers Bangalore,Rajasthan Royals,Sawai Mansingh Stadium,Jaipur,Rajasthan Royals,Loss
598042,2013,Royal Challengers Bangalore,Pune Warriors,Subrata Roy Sahara Stadium,Pune,Royal Challengers Bangalore,Win
598045,2013,Royal Challengers Bangalore,Kings XI Punjab,M Chinnaswamy Stadium,Bangalore,Kings XI Punjab,Loss
598048,2013,Royal Challengers Bangalore,Sunrisers Hyderabad,M Chinnaswamy Stadium,Bangalore,Royal Challengers Bangalore,Win
598054,2013,Royal Challengers Bangalore,Delhi Daredevils,Feroz Shah Kotla,Delhi,Royal Challengers Bangalore,Win
598057,2013,Royal Challengers Bangalore,Kolkata Knight Riders,JSCA International Stadium Complex,Ranchi,Kolkata Knight Riders,Loss
598064,2013,Royal Challengers Bangalore,Kings XI Punjab,"Punjab Cricket Association Stadium, Mohali",Chandigarh,Kings XI Punjab,Loss
598068,2013,Royal Challengers Bangalore,Chennai Super Kings,M Chinnaswamy Stadium,Bangalore,Royal Challengers Bangalore,Win
729281,2014,Royal Challengers Bangalore,Delhi Daredevils,Sharjah Cricket Stadium,,Royal Challengers Bangalore,Win
729287,2014,Royal Challengers Bangalore,Mumbai Indians,Dubai International Cricket Stadium,,Royal Challengers Bangalore,Win
729299,2014,Royal Challengers Bangalore,Kolkata Knight Riders,Sharjah Cricket Stadium,,Kolkata Knight Riders,Loss
729305,2014,Royal Challengers Bangalore,Rajasthan Royals,Sheikh Zayed Stadium,Abu Dhabi,Rajasthan Royals,Loss
729313,2014,Royal Challengers Bangalore,Kings XI Punjab,Dubai International Cricket Stadium,,Kings XI Punjab,Loss
733977,2014,Royal Challengers Bangalore,Sunrisers Hyderabad,M Chinnaswamy Stadium,Bangalore,Royal Challengers Bangalore,Win
733983,2014,Royal Challengers Bangalore,Mumbai Indians,Wankhede Stadium,Mumbai,Mumbai Indians,Loss
733991,2014,Royal Challengers Bangalore,Kings XI Punjab,M Chinnaswamy Stadium,Bangalore,Kings XI Punjab,Loss
733999,2014,Royal Challengers Bangalore,Rajasthan Royals,M Chinnaswamy Stadium,Bangalore,Rajasthan Royals,Loss
734005,2014,Royal Challengers Bangalore,Delhi Daredevils,M Chinnaswamy Stadium,Bangalore,Royal Challengers Bangalore,Win
734013,2014,Royal Challengers Bangalore,Chennai Super Kings,JSCA International Stadium Complex,Ranchi,Royal Challengers Bangalore,Win
734021,2014,Royal Challengers Bangalore,Sunrisers Hyderabad,"Rajiv Gandhi International Stadium, Uppal",Hyderabad,Sunrisers Hyderabad,Loss
734027,2014,Royal Challengers Bangalore,Kolkata Knight Riders,Eden Gardens,Kolkata,Kolkata Knight Riders,Loss
734035,2014,Royal Challengers Bangalore,Chennai Super Kings,M Chinnaswamy Stadium,Bangalore,Chennai Super Kings,Loss
829713,2015,Royal Challengers Bangalore,Kolkata Knight Riders,Eden Gardens,Kolkata,Royal Challengers Bangalore,Win
829719,2015,Royal Challengers Bangalore,Sunrisers Hyderabad,M Chinnaswamy Stadium,Bangalore,Sunrisers Hyderabad,Loss
829737,2015,Royal Challengers Bangalore,Mumbai Indians,M Chinnaswamy Stadium,Bangalore,Mumbai Indians,Loss
829745,2015,Royal Challengers Bangalore,Chennai Super Kings,M Chinnaswamy Stadium,Bangalore,Chennai Super Kings,Loss
829749,2015,Royal Challengers Bangalore,Rajasthan Royals,"Sardar Patel Stadium, Motera",Ahmedabad,Royal Challengers Bangalore,Win
829757,2015,Royal Challengers Bangalore,Delhi Daredevils,Feroz Shah Kotla,Delhi,Royal Challengers Bangalore,Win
829763,2015,Royal Challengers Bangalore,Rajasthan Royals,M Chinnaswamy Stadium,Bangalore,,No Result
829771,2015,Royal Challengers Bangalore,Kolkata Knight Riders,M Chinnaswamy Stadium,Bangalore,Royal Challengers Bangalore,Win
829779,2015,Royal Challengers Bangalore,Chennai Super Kings,"MA Chidambaram Stadium, Chepauk",Chennai,Chennai Super Kings,Loss
829785,2015,Royal Challengers Bangalore,Kings XI Punjab,M Chinnaswamy Stadium,Bangalore,Royal Challengers Bangalore,Win
829795,2015,Royal Challengers Bangalore,Mumbai Indians,Wankhede Stadium,Mumbai,Royal Challengers Bangalore,Win
829803,2015,Royal Challengers Bangalore,Kings XI Punjab,"Punjab Cricket Association Stadium, Mohali",Chandigarh,Kings XI Punjab,Loss
829807,2015,Royal Challengers Bangalore,Sunrisers Hyderabad,"Rajiv Gandhi International Stadium, Uppal",Hyderabad,Royal Challengers Bangalore,Win
829813,2015,Royal Challengers Bangalore,Delhi Daredevils,M Chinnaswamy Stadium,Bangalore,,No Result
829819,2015,Royal Challengers Bangalore,Rajasthan Royals,Maharashtra Cricket Association Stadium,Pune,Royal Challengers Bangalore,Win
829821,2015,Royal Challengers Bangalore,Chennai Super Kings,JSCA International Stadium Complex,Ranchi,Chennai Super Kings,Loss
980907,2016,Royal Challengers Bangalore,Sunrisers Hyderabad,M Chinnaswamy Stadium,Bangalore,Royal Challengers Bangalore,Win
980921,2016,Royal Challengers Bangalore,Delhi Daredevils,M Chinnaswamy Stadium,Bangalore,Delhi Daredevils,Loss
980927,2016,Royal Challengers Bangalore,Mumbai Indians,Wankhede Stadium,Mumbai,Mumbai Indians,Loss
980931,2016,Royal Challengers Bangalore,Rising Pune Supergiants,Maharashtra Cricket Association Stadium,Pune,Royal Challengers Bangalore,Win
980937,2016,Royal Challengers Bangalore,Gujarat Lions,Saurashtra Cricket Association Stadium,Rajkot,Gujarat Lions,Loss
980953,2016,Royal Challengers Bangalore,Sunrisers Hyderabad,"Rajiv Gandhi International Stadium, Uppal",Hyderabad,Sunrisers Hyderabad,Loss
980959,2016,Royal Challengers Bangalore,Kolkata Knight Riders,M Chinnaswamy Stadium,Bangalore,Kolkata Knight Riders,Loss
980969,2016,Royal Challengers Bangalore,Rising Pune Supergiants,M Chinnaswamy Stadium,Bangalore,Royal Challengers Bangalore,Win
980977,2016,Royal Challengers Bangalore,Kings XI Punjab,"Punjab Cricket Association IS Bindra Stadium, Mohali",Chandigarh,Royal Challengers Bangalore,Win
980981,2016,Royal Challengers Bangalore,Mumbai Indians,M Chinnaswamy Stadium,Bangalore,Mumbai Indians,Loss
980987,2016,Royal Challengers Bangalore,Gujarat Lions,M Chinnaswamy Stadium,Bangalore,Royal Challengers Bangalore,Win
980995,2016,Royal Challengers Bangalore,Kolkata Knight Riders,Eden Gardens,Kolkata,Royal Challengers Bangalore,Win
980999,2016,Royal Challengers Bangalore,Kings XI Punjab,M Chinnaswamy Stadium,Bangalore,Royal Challengers Bangalore,Win
981011,2016,Royal Challengers Bangalore,Delhi Daredevils,Shaheed Veer Narayan Singh International Stadium,Raipur,Royal Challengers Bangalore,Win
981013,2016,Royal Challengers Bangalore,Gujarat Lions,M Chinnaswamy Stadium,Bangalore,Royal Challengers Bangalore,Win
981019,2016,Royal Challengers Bangalore,Sunrisers Hyderabad,M Chinnaswamy Stadium,Bangalore,Sunrisers Hyderabad,Loss
