season,bowler,matches,balls,runs_conceded,wickets,dot_balls,death_wickets,overs,economy,bowling_average,bowling_strike_rate
2007/08,Z Khan,11,252,357,13,100,5,42.0,8.5,27.46,19.38
2007/08,P Kumar,13,268,366,11,109,5,44.67,8.19,33.27,24.36
2007/08,DW Steyn,10,228,252,10,116,5,38.0,6.63,25.2,22.8
2007/08,A Kumble,10,230,304,7,85,1,38.33,7.93,43.43,32.86
2007/08,R Vinay Kumar,8,138,182,5,59,1,23.0,7.91,36.4,27.6
2007/08,JH Kallis,11,206,311,4,55,2,34.33,9.06,77.75,51.5
2007/08,B Akhil,6,104,134,2,34,1,17.33,7.73,67.0,52.0
2007/08,V Kohli,4,46,61,2,7,1,7.67,7.96,30.5,23.0
2007/08,AA Noffke,1,24,40,1,6,1,4.0,10.0,40.0,24.0
2007/08,SB Joshi,4,55,82,1,18,1,9.17,8.95,82.0,55.0
2007/08,Abdur Razzak,1,12,29,0,5,0,2.0,14.5,,
2007/08,CL White,1,6,24,0,0,0,1.0,24.0,,
2009,A Kumble,16,355,347,21,138,9,59.17,5.86,16.52,16.9
2009,P Kumar,13,298,394,13,121,6,49.67,7.93,30.31,22.92
2009,R Vinay Kumar,11,194,271,9,65,4,32.33,8.38,30.11,21.56
2009,RE van der Merwe,10,204,248,9,53,4,34.0,7.29,27.56,22.67
2009,JH Kallis,14,276,353,6,111,1,46.0,7.67,58.83,46.0
2009,B Akhil,5,66,80,4,19,1,11.0,7.27,20.0,16.5
2009,D du Preez,2,42,56,4,18,0,7.0,8.0,14.0,10.5
2009,KP Pietersen,4,78,85,4,26,1,13.0,6.54,21.25,19.5
2009,JD Ryder,5,102,115,3,40,0,17.0,6.76,38.33,34.0
2009,DW Steyn,3,54,62,2,27,2,9.0,6.89,31.0,27.0
2009,KP Appanna,5,72,87,2,18,0,12.0,7.25,43.5,36.0
2009,Pankaj Singh,3,42,65,2,12,0,7.0,9.29,32.5,21.0
2009,A Mithun,1,24,42,0,7,0,4.0,10.5,,
2009,LRPL Taylor,1,6,13,0,0,0,1.0,13.0,,
2009,V Kohli,3,36,46,0,10,0,6.0,7.67,,
2009/10,A Kumble,16,380,407,17,151,7,63.33,6.43,23.94,22.35
2009/10,R Vinay Kumar,14,277,396,16,101,5,46.17,8.58,24.75,17.31
2009/10,DW Steyn,15,354,406,15,164,6,59.0,6.88,27.07,23.6
2009/10,JH Kallis,16,342,476,13,118,4,57.0,8.35,36.62,26.31
2009/10,P Kumar,12,270,380,10,109,6,45.0,8.44,38.0,27.0
2009/10,KP Pietersen,6,60,77,3,18,1,10.0,7.7,25.67,20.0
2009/10,Pankaj Singh,2,48,81,2,21,0,8.0,10.12,40.5,24.0
2009/10,RE van der Merwe,1,24,27,2,8,0,4.0,6.75,13.5,12.0
2009/10,A Mithun,1,18,39,1,2,0,3.0,13.0,39.0,18.0
2009/10,KP Appanna,2,42,51,1,15,0,7.0,7.29,51.0,42.0
2009/10,ND Doshi,1,24,17,1,14,1,4.0,4.25,17.0,24.0
2009/10,B Akhil,1,6,6,0,3,0,1.0,6.0,,
2009/10,CL White,1,6,19,0,2,0,1.0,19.0,,
2009/10,S Sriram,1,12,24,0,2,0,2.0,12.0,,
2009/10,V Kohli,4,32,50,0,7,0,5.33,9.38,,
2011,S Aravind,13,276,368,21,115,10,46.0,8.0,17.52,13.14
2011,Z Khan,15,354,455,14,141,7,59.0,7.71,32.5,25.29
2011,DL Vettori,13,310,311,12,119,3,51.67,6.02,25.92,25.83
2011,CH Gayle,12,216,244,8,80,4,36.0,6.78,30.5,27.0
2011,A Mithun,12,204,321,5,67,3,34.0,9.44,64.2,40.8
2011,CK Langeveldt,3,66,84,5,27,2,11.0,7.64,16.8,13.2
2011,J Syed Mohammad,5,90,127,5,29,1,15.0,8.47,25.4,18.0
2011,JJ van der Wath,3,72,129,3,29,2,12.0,10.75,43.0,24.0
2011,R Ninan,2,36,65,3,8,0,6.0,10.83,21.67,12.0
2011,DP Nannes,2,24,31,2,11,1,4.0,7.75,15.5,12.0
2011,V Kohli,10,102,139,2,23,0,17.0,8.18,69.5,51.0
2011,TM Dilshan,6,72,108,1,16,0,12.0,9.0,108.0,72.0
2011,AA Kazi,1,12,21,0,2,0,2.0,10.5,,
2011,AUK Pathan,2,33,49,0,7,0,5.5,8.91,,
2012,R Vinay Kumar,14,335,480,19,123,11,55.83,8.6,25.26,17.63
2012,Z Khan,15,360,453,17,146,9,60.0,7.55,26.65,21.18
2012,M Muralitharan,10,240,260,15,82,4,40.0,6.5,17.33,16.0
2012,HV Patel,11,246,340,9,78,2,41.0,8.29,37.78,27.33
2012,KP Appanna,6,102,148,6,35,0,17.0,8.71,24.67,17.0
2012,AB McDonald,3,60,61,5,18,1,10.0,6.1,12.2,12.0
2012,DL Vettori,9,210,236,5,66,1,35.0,6.74,47.2,42.0
2012,P Parameswaran,3,60,87,5,23,3,10.0,8.7,17.4,12.0
2012,A Mithun,1,18,33,0,5,0,3.0,11.0,,
2012,AUK Pathan,1,6,14,0,2,0,1.0,14.0,,
2012,CH Gayle,3,28,66,0,5,0,4.67,14.14,,
2012,J Syed Mohammad,2,42,65,0,8,0,7.0,9.29,,
2012,RR Bhatkal,1,12,35,0,0,0,2.0,17.5,,
2012,S Aravind,1,18,48,0,5,0,3.0,16.0,,
2012,TM Dilshan,5,42,77,0,9,0,7.0,11.0,,
2012,V Kohli,2,18,49,0,2,0,3.0,16.33,,
2013,R Vinay Kumar,16,367,513,23,124,12,61.17,8.39,22.3,15.96
2013,R Rampaul,10,232,272,15,112,4,38.67,7.03,18.13,15.47
2013,JD Unadkat,13,294,370,13,102,5,49.0,7.55,28.46,22.62
2013,RP Singh,11,239,335,13,88,11,39.83,8.41,25.77,18.38
2013,M Kartik,11,234,284,9,71,2,39.0,7.28,31.56,26.0
2013,MC Henriques,8,127,185,7,50,0,21.17,8.74,26.43,18.14
2013,Z Khan,2,36,47,5,18,0,6.0,7.83,9.4,7.2
2013,CH Gayle,4,24,40,3,10,3,4.0,10.0,13.33,8.0
2013,J Syed Mohammad,4,60,91,3,10,0,10.0,9.1,30.33,20.0
2013,M Muralitharan,6,138,177,3,42,1,23.0,7.7,59.0,46.0
2013,A Mithun,1,24,37,1,9,1,4.0,9.25,37.0,24.0
2013,AB McDonald,1,12,17,1,4,0,2.0,8.5,17.0,12.0
2013,DT Christian,2,36,55,0,14,0,6.0,9.17,,
2013,TM Dilshan,1,6,10,0,0,0,1.0,10.0,,
2014,VR Aaron,10,220,299,16,90,6,36.67,8.15,18.69,13.75
2014,MA Starc,14,322,402,14,127,7,53.67,7.49,28.71,23.0
2014,YS Chahal,14,330,386,12,115,1,55.0,7.02,32.17,27.5
2014,AB Dinda,9,186,270,5,64,1,31.0,8.71,54.0,37.2
2014,Yuvraj Singh,10,136,187,5,33,0,22.67,8.25,37.4,27.2
2014,HV Patel,3,66,113,4,22,2,11.0,10.27,28.25,16.5
2014,JA Morkel,6,96,126,4,40,0,16.0,7.88,31.5,24.0
2014,AN Ahmed,4,86,113,3,25,2,14.33,7.88,37.67,28.67
2014,M Muralitharan,5,96,124,3,36,0,16.0,7.75,41.33,32.0
2014,R Rampaul,2,36,37,1,18,0,6.0,6.17,37.0,36.0
2014,S Rana,2,12,16,0,3,0,2.0,8.0,,
2014,SB Jakati,1,22,41,0,4,0,3.67,11.18,,
2015,YS Chahal,14,281,415,23,90,5,46.83,8.86,18.04,12.22
2015,MA Starc,12,258,291,20,105,10,43.0,6.77,14.55,12.9
2015,HV Patel,14,263,328,17,103,5,43.83,7.48,19.29,15.47
2015,D Wiese,13,254,353,16,73,7,42.33,8.34,22.06,15.88
2015,S Aravind,5,108,132,8,47,0,18.0,7.33,16.5,13.5
2015,Iqbal Abdulla,5,114,150,4,46,2,19.0,7.89,37.5,28.5
2015,VR Aaron,5,104,177,3,44,1,17.33,10.21,59.0,34.67
2015,AN Ahmed,3,72,128,1,26,0,12.0,10.67,128.0,72.0
2015,AB Dinda,2,30,62,0,4,0,5.0,12.4,,
2015,CH Gayle,1,12,15,0,3,0,2.0,7.5,,
2015,DJG Sammy,2,18,25,0,2,0,3.0,8.33,,
2015,SA Abbott,2,30,57,0,6,0,5.0,11.4,,
2015,V Kohli,2,11,10,0,2,0,1.83,5.45,,
2016,YS Chahal,13,295,401,21,100,4,49.17,8.16,19.1,14.05
2016,SR Watson,16,339,485,20,121,13,56.5,8.58,24.25,16.95
2016,CJ Jordan,9,168,258,11,49,4,28.0,9.21,23.45,15.27
2016,S Aravind,9,175,216,11,65,2,29.17,7.41,19.64,15.91
2016,KW Richardson,4,84,136,7,34,3,14.0,9.71,19.43,12.0
2016,Iqbal Abdulla,8,150,213,6,35,1,25.0,8.52,35.5,25.0
2016,T Shamsi,4,96,147,3,26,1,16.0,9.19,49.0,32.0
2016,CH Gayle,4,60,63,2,21,0,10.0,6.3,31.5,30.0
2016,Sachin Baby,2,10,8,2,5,2,1.67,4.8,4.0,5.0
2016,VR Aaron,8,142,227,2,48,1,23.67,9.59,113.5,71.0
2016,AF Milne,1,24,43,1,7,0,4.0,10.75,43.0,24.0
2016,HV Patel,5,84,147,1,28,1,14.0,10.5,147.0,84.0
2016,Parvez Rasool,4,84,129,1,22,0,14.0,9.21,129.0,84.0
2016,STR Binny,11,102,134,1,28,0,17.0,7.88,134.0,102.0
2016,D Wiese,1,24,49,0,6,0,4.0,12.25,,
2016,V Kohli,1,6,13,0,1,0,1.0,13.0,,
2017,P Negi,12,193,197,16,80,7,32.17,6.12,12.31,12.06
2017,YS Chahal,13,261,333,14,92,2,43.5,7.66,23.79,18.64
2017,S Badree,7,150,188,9,62,0,25.0,7.52,20.89,16.67
2017,A Choudhary,5,101,144,5,42,1,16.83,8.55,28.8,20.2
2017,S Aravind,10,183,275,5,58,3,30.5,9.02,55.0,36.6
2017,SR Watson,8,161,245,5,47,4,26.83,9.13,49.0,32.2
2017,TS Mills,5,107,153,5,41,2,17.83,8.58,30.6,21.4
2017,STR Binny,4,36,50,4,9,0,6.0,8.33,12.5,9.0
2017,AF Milne,4,84,134,3,25,3,14.0,9.57,44.67,28.0
2017,HV Patel,1,24,43,3,8,1,4.0,10.75,14.33,8.0
2017,B Stanlake,2,48,70,2,17,0,8.0,8.75,35.0,24.0
2017,Iqbal Abdulla,2,30,55,2,6,0,5.0,11.0,27.5,15.0
2017,TM Head,5,48,81,2,7,2,8.0,10.12,40.5,24.0
2017,Avesh Khan,1,24,23,1,11,0,4.0,5.75,23.0,24.0
2018,UT Yadav,14,319,418,20,142,1,53.17,7.86,20.9,15.95
2018,YS Chahal,14,300,363,12,120,2,50.0,7.26,30.25,25.0
2018,Mohammed Siraj,11,246,367,11,85,8,41.0,8.95,33.36,22.36
2018,CR Woakes,5,110,190,8,44,6,18.33,10.36,23.75,13.75
2018,TG Southee,8,174,261,5,57,3,29.0,9.0,52.2,34.8
2018,Washington Sundar,7,120,192,4,27,0,20.0,9.6,48.0,30.0
2018,CJ Anderson,3,52,115,3,14,2,8.67,13.27,38.33,17.33
2018,M Ashwin,2,42,53,3,19,0,7.0,7.57,17.67,14.0
2018,MM Ali,5,79,97,3,26,0,13.17,7.37,32.33,26.33
2018,C de Grandhomme,7,90,129,2,23,0,15.0,8.6,64.5,45.0
2018,K Khejroliya,3,65,107,2,15,0,10.83,9.88,53.5,32.5
2018,P Negi,2,24,49,1,9,0,4.0,12.25,49.0,24.0
2019,YS Chahal,14,296,386,18,113,6,49.33,7.82,21.44,16.44
2019,Navdeep Saini,13,288,397,11,135,8,48.0,8.27,36.09,26.18
2019,UT Yadav,11,227,371,8,87,3,37.83,9.81,46.38,28.38
2019,Mohammed Siraj,9,169,269,7,67,5,28.17,9.55,38.43,24.14
2019,MM Ali,9,150,169,6,63,0,25.0,6.76,28.17,25.0
2019,DW Steyn,2,48,69,4,18,0,8.0,8.62,17.25,12.0
2019,Washington Sundar,3,54,74,4,20,1,9.0,8.22,18.5,13.5
2019,P Negi,4,67,102,3,24,0,11.17,9.13,34.0,22.33
2019,MP Stoinis,6,100,145,2,30,0,16.67,8.7,72.5,50.0
2019,K Khejroliya,2,30,46,1,10,1,5.0,9.2,46.0,30.0
2019,TG Southee,3,54,118,1,17,0,9.0,13.11,118.0,54.0
2019,C de Grandhomme,3,30,55,0,2,0,5.0,11.0,,
2019,P Ray Barman,1,24,56,0,2,0,4.0,14.0,,
2019,S Dube,2,10,8,0,3,0,1.67,4.8,,
2020/21,YS Chahal,15,343,405,21,112,4,57.17,7.08,19.29,16.33
2020/21,CH Morris,9,190,210,11,89,8,31.67,6.63,19.09,17.27
2020/21,Mohammed Siraj,9,163,236,11,72,2,27.17,8.69,21.45,14.82
2020/21,I Udana,10,174,282,8,45,3,29.0,9.72,35.25,21.75
2020/21,Washington Sundar,15,300,298,8,112,2,50.0,5.96,37.25,37.5
2020/21,Navdeep Saini,13,280,385,7,115,2,46.67,8.25,55.0,40.0
2020/21,S Dube,5,54,73,4,13,3,9.0,8.11,18.25,13.5
2020/21,A Zampa,3,66,92,2,20,0,11.0,8.36,46.0,33.0
2020/21,Shahbaz Ahmed,2,36,44,2,8,1,6.0,7.33,22.0,18.0
2020/21,DW Steyn,3,70,133,1,23,1,11.67,11.4,133.0,70.0
2020/21,MM Ali,3,30,42,1,8,0,5.0,8.4,42.0,30.0
2020/21,UT Yadav,2,42,82,0,13,0,7.0,11.71,,
2021,HV Patel,15,338,459,32,120,21,56.33,8.15,14.34,10.56
2021,YS Chahal,15,318,374,18,123,5,53.0,7.06,20.78,17.67
2021,Mohammed Siraj,15,312,353,11,140,6,52.0,6.79,32.09,28.36
2021,KA Jamieson,9,168,269,9,69,2,28.0,9.61,29.89,18.67
2021,Shahbaz Ahmed,6,84,92,7,21,3,14.0,6.57,13.14,12.0
2021,DT Christian,9,100,155,4,28,0,16.67,9.3,38.75,25.0
2021,GHS Garton,5,90,135,3,31,1,15.0,9.0,45.0,30.0
2021,GJ Maxwell,6,96,135,3,25,0,16.0,8.44,45.0,32.0
2021,Washington Sundar,6,96,118,3,31,0,16.0,7.38,39.33,32.0
2021,DR Sams,2,36,39,1,15,0,6.0,6.5,39.0,36.0
2021,KW Richardson,1,18,29,1,5,1,3.0,9.67,29.0,18.0
2021,Navdeep Saini,2,24,52,0,4,0,4.0,13.0,,
2021,PWH de Silva,2,36,60,0,11,0,6.0,10.0,,
2022,PWH de Silva,16,342,430,26,137,7,57.0,7.54,16.54,13.15
2022,JR Hazlewood,12,279,377,20,120,10,46.5,8.11,18.85,13.95
2022,HV Patel,15,321,410,19,123,10,53.5,7.66,21.58,16.89
2022,Mohammed Siraj,15,306,514,9,122,1,51.0,10.08,57.11,34.0
2022,GJ Maxwell,10,144,165,6,62,0,24.0,6.88,27.5,24.0
2022,Akash Deep,5,113,205,5,39,1,18.83,10.88,41.0,22.6
2022,Shahbaz Ahmed,14,210,336,4,56,0,35.0,9.6,84.0,52.5
2022,DJ Willey,4,66,72,1,24,0,11.0,6.55,72.0,66.0
2022,MK Lomror,2,12,18,0,3,0,2.0,9.0,,
2022,S Kaul,1,24,43,0,6,0,4.0,10.75,,
2023,Mohammed Siraj,14,300,375,19,151,8,50.0,7.5,19.74,15.79
2023,HV Patel,13,282,453,14,77,11,47.0,9.64,32.36,20.14
2023,KV Sharma,7,129,223,10,37,2,21.5,10.37,22.3,12.9
2023,PWH de Silva,8,174,258,9,54,2,29.0,8.9,28.67,19.33
2023,Vijaykumar Vyshak,7,144,253,9,40,4,24.0,10.54,28.11,16.0
2023,WD Parnell,7,151,236,9,55,2,25.17,9.38,26.22,16.78
2023,MG Bracewell,5,66,95,6,26,0,11.0,8.64,15.83,11.0
2023,DJ Willey,4,90,105,3,36,0,15.0,7.0,35.0,30.0
2023,GJ Maxwell,7,62,94,3,18,1,10.33,9.1,31.33,20.67
2023,JR Hazlewood,3,54,76,3,29,1,9.0,8.44,25.33,18.0
2023,Akash Deep,2,30,59,1,10,0,5.0,11.8,59.0,30.0
2023,RJW Topley,1,12,14,1,7,0,2.0,7.0,14.0,12.0
2023,Shahbaz Ahmed,5,42,95,1,9,0,7.0,13.57,95.0,42.0
2023,H Sharma,1,18,28,0,2,0,3.0,9.33,,
2023,MK Lomror,2,12,17,0,3,0,2.0,8.5,,
2024,Mohammed Siraj,14,324,496,15,121,5,54.0,9.19,33.07,21.6
2024,Yash Dayal,14,301,458,15,116,9,50.17,9.13,30.53,20.07
2024,C Green,13,211,303,10,70,2,35.17,8.62,30.3,21.1
2024,LH Ferguson,7,144,255,9,38,3,24.0,10.62,28.33,16.0
2024,KV Sharma,9,144,254,7,39,0,24.0,10.58,36.29,20.57
2024,GJ Maxwell,6,96,129,6,34,0,16.0,8.06,21.5,16.0
2024,Swapnil Singh,7,90,133,6,27,0,15.0,8.87,22.17,15.0
2024,RJW Topley,4,90,168,4,31,2,15.0,11.2,42.0,22.5
2024,Vijaykumar Vyshak,4,87,142,4,23,2,14.5,9.79,35.5,21.75
2024,WG Jacks,5,54,100,2,11,0,9.0,11.11,50.0,27.0
2024,AS Joseph,3,58,115,1,16,0,9.67,11.9,115.0,58.0
2024,Akash Deep,1,21,55,1,6,0,3.5,15.71,55.0,21.0
2024,Mayank Dagar,5,71,120,1,21,0,11.83,10.14,120.0,71.0
2024,H Sharma,1,12,29,0,0,0,2.0,14.5,,
2024,MK Lomror,1,6,18,0,1,0,1.0,18.0,,
2025,JR Hazlewood,12,264,386,22,117,7,44.0,8.77,17.55,12.0
2025,B Kumar,14,312,483,17,116,8,52.0,9.29,28.41,18.35
2025,KH Pandya,15,276,379,17,83,3,46.0,8.24,22.29,16.24
2025,Yash Dayal,15,294,470,13,91,4,49.0,9.59,36.15,22.62
2025,Suyash Sharma,14,300,442,8,93,1,50.0,8.84,55.25,37.5
2025,R Shepherd,7,84,151,6,25,2,14.0,10.79,25.17,14.0
2025,L Ngidi,2,48,81,4,13,2,8.0,10.12,20.25,12.0
2025,LS Livingstone,5,54,76,2,10,1,9.0,8.44,38.0,27.0
2025,N Thushara,1,24,26,1,9,0,4.0,6.5,26.0,24.0
2025,Rasikh Salam,2,36,70,1,13,0,6.0,11.67,70.0,36.0
2026,B Kumar,16,378,501,28,149,10,63.0,7.95,17.89,13.5
2026,Rasikh Salam,12,257,405,19,82,10,42.83,9.46,21.32,13.53
2026,JR Hazlewood,13,309,494,15,118,5,51.5,9.59,32.93,20.6
2026,KH Pandya,15,303,425,14,86,2,50.5,8.42,30.36,21.64
2026,JA Duffy,6,144,263,9,54,0,24.0,10.96,29.22,16.0
2026,Suyash Sharma,12,245,376,9,71,2,40.83,9.21,41.78,27.22
2026,R Shepherd,13,150,298,7,35,3,25.0,11.92,42.57,21.43
2026,Abhinandan Singh,3,58,122,3,15,2,9.67,12.62,40.67,19.33
2026,TH David,1,6,18,0,1,0,1.0,18.0,,
