season,opponent,matches,wins,losses,no_results,win_pct
2007/08,Chennai Super Kings,2,1,1,0,50.0
2007/08,Deccan Chargers,2,2,0,0,100.0
2007/08,Delhi Capitals,2,0,2,0,0.0
2007/08,Kolkata Knight Riders,2,0,2,0,0.0
2007/08,Mumbai Indians,2,1,1,0,50.0
2007/08,Punjab Kings,2,0,2,0,0.0
2007/08,Rajasthan Royals,2,0,2,0,0.0
2009,Chennai Super Kings,3,2,1,0,66.67
2009,Deccan Chargers,3,1,2,0,33.33
2009,Delhi Capitals,2,1,1,0,50.0
2009,Kolkata Knight Riders,2,2,0,0,100.0
2009,Mumbai Indians,2,1,1,0,50.0
2009,Punjab Kings,2,1,1,0,50.0
2009,Rajasthan Royals,2,1,1,0,50.0
2009/10,Deccan Chargers,3,1,2,0,33.33
2009/10,Mumbai Indians,3,1,2,0,33.33
2009/10,Chennai Super Kings,2,1,1,0,50.0
2009/10,Delhi Capitals,2,0,2,0,0.0
2009/10,Kolkata Knight Riders,2,1,1,0,50.0
2009/10,Punjab Kings,2,2,0,0,100.0
2009/10,Rajasthan Royals,2,2,0,0,100.0
2011,Chennai Super Kings,4,1,3,0,25.0
2011,Kochi Tuskers Kerala,2,2,0,0,100.0
2011,Kolkata Knight Riders,2,2,0,0,100.0
2011,Mumbai Indians,2,1,1,0,50.0
2011,Punjab Kings,2,1,1,0,50.0
2011,Deccan Chargers,1,0,1,0,0.0
2011,Delhi Capitals,1,1,0,0,100.0
2011,Pune Warriors,1,1,0,0,100.0
2011,Rajasthan Royals,1,1,0,0,100.0
2012,Deccan Chargers,2,1,1,0,50.0
2012,Delhi Capitals,2,2,0,0,100.0
2012,Kolkata Knight Riders,2,0,2,0,0.0
2012,Mumbai Indians,2,1,1,0,50.0
2012,Pune Warriors,2,2,0,0,100.0
2012,Punjab Kings,2,1,1,0,50.0
2012,Rajasthan Royals,2,1,1,0,50.0
2012,Chennai Super Kings,1,0,1,0,0.0
2013,Chennai Super Kings,2,1,1,0,50.0
2013,Delhi Capitals,2,1,0,1,50.0
2013,Kolkata Knight Riders,2,1,1,0,50.0
2013,Mumbai Indians,2,1,1,0,50.0
2013,Pune Warriors,2,2,0,0,100.0
2013,Punjab Kings,2,0,2,0,0.0
2013,Rajasthan Royals,2,1,1,0,50.0
2013,Sunrisers Hyderabad,2,1,0,1,50.0
2014,Chennai Super Kings,2,1,1,0,50.0
2014,Delhi Capitals,2,2,0,0,100.0
2014,Kolkata Knight Riders,2,0,2,0,0.0
2014,Mumbai Indians,2,1,1,0,50.0
2014,Punjab Kings,2,0,2,0,0.0
2014,Rajasthan Royals,2,0,2,0,0.0
2014,Sunrisers Hyderabad,2,1,1,0,50.0
2015,Chennai Super Kings,3,0,3,0,0.0
2015,Rajasthan Royals,3,2,0,1,66.67
2015,Delhi Capitals,2,1,0,1,50.0
2015,Kolkata Knight Riders,2,2,0,0,100.0
2015,Mumbai Indians,2,1,1,0,50.0
2015,Punjab Kings,2,1,1,0,50.0
2015,Sunrisers Hyderabad,2,1,1,0,50.0
2016,Gujarat Lions,3,2,1,0,66.67
2016,Sunrisers Hyderabad,3,1,2,0,33.33
2016,Delhi Capitals,2,1,1,0,50.0
2016,Kolkata Knight Riders,2,1,1,0,50.0
2016,Mumbai Indians,2,0,2,0,0.0
2016,Punjab Kings,2,2,0,0,100.0
2016,Rising Pune Supergiant,2,2,0,0,100.0
2017,Delhi Capitals,2,2,0,0,100.0
2017,Gujarat Lions,2,1,1,0,50.0
2017,Kolkata Knight Riders,2,0,2,0,0.0
2017,Mumbai Indians,2,0,2,0,0.0
2017,Punjab Kings,2,0,2,0,0.0
2017,Rising Pune Supergiant,2,0,2,0,0.0
2017,Sunrisers Hyderabad,1,0,1,0,0.0
2018,Chennai Super Kings,2,0,2,0,0.0
2018,Delhi Capitals,2,2,0,0,100.0
2018,Kolkata Knight Riders,2,0,2,0,0.0
2018,Mumbai Indians,2,1,1,0,50.0
2018,Punjab Kings,2,2,0,0,100.0
2018,Rajasthan Royals,2,0,2,0,0.0
2018,Sunrisers Hyderabad,2,1,1,0,50.0
2019,Chennai Super Kings,2,1,1,0,50.0
2019,Delhi Capitals,2,0,2,0,0.0
2019,Kolkata Knight Riders,2,1,1,0,50.0
2019,Mumbai Indians,2,0,2,0,0.0
2019,Punjab Kings,2,2,0,0,100.0
2019,Rajasthan Royals,2,0,1,1,0.0
2019,Sunrisers Hyderabad,2,1,1,0,50.0
2020/21,Sunrisers Hyderabad,3,1,2,0,33.33
2020/21,Chennai Super Kings,2,1,1,0,50.0
2020/21,Delhi Capitals,2,0,2,0,0.0
2020/21,Kolkata Knight Riders,2,2,0,0,100.0
2020/21,Mumbai Indians,2,0,1,1,0.0
2020/21,Punjab Kings,2,0,2,0,0.0
2020/21,Rajasthan Royals,2,2,0,0,100.0
2021,Kolkata Knight Riders,3,1,2,0,33.33
2021,Chennai Super Kings,2,0,2,0,0.0
2021,Delhi Capitals,2,2,0,0,100.0
2021,Mumbai Indians,2,2,0,0,100.0
2021,Punjab Kings,2,1,1,0,50.0
2021,Rajasthan Royals,2,2,0,0,100.0
2021,Sunrisers Hyderabad,2,1,1,0,50.0
2022,Rajasthan Royals,3,1,2,0,33.33
2022,Chennai Super Kings,2,1,1,0,50.0
2022,Gujarat Titans,2,1,1,0,50.0
2022,Lucknow Super Giants,2,2,0,0,100.0
2022,Punjab Kings,2,0,2,0,0.0
2022,Sunrisers Hyderabad,2,1,1,0,50.0
2022,Delhi Capitals,1,1,0,0,100.0
2022,Kolkata Knight Riders,1,1,0,0,100.0
2022,Mumbai Indians,1,1,0,0,100.0
2023,Delhi Capitals,2,1,1,0,50.0
2023,Kolkata Knight Riders,2,0,2,0,0.0
2023,Lucknow Super Giants,2,1,1,0,50.0
2023,Mumbai Indians,2,1,1,0,50.0
2023,Rajasthan Royals,2,2,0,0,100.0
2023,Chennai Super Kings,1,0,1,0,0.0
2023,Gujarat Titans,1,0,1,0,0.0
2023,Punjab Kings,1,1,0,0,100.0
2023,Sunrisers Hyderabad,1,1,0,0,100.0
2024,Chennai Super Kings,2,1,1,0,50.0
2024,Gujarat Titans,2,2,0,0,100.0
2024,Kolkata Knight Riders,2,0,2,0,0.0
2024,Punjab Kings,2,2,0,0,100.0
2024,Rajasthan Royals,2,0,2,0,0.0
2024,Sunrisers Hyderabad,2,1,1,0,50.0
2024,Delhi Capitals,1,1,0,0,100.0
2024,Lucknow Super Giants,1,0,1,0,0.0
2024,Mumbai Indians,1,0,1,0,0.0
2025,Punjab Kings,4,3,1,0,75.0
2025,Chennai Super Kings,2,2,0,0,100.0
2025,Delhi Capitals,2,1,1,0,50.0
2025,Rajasthan Royals,2,2,0,0,100.0
2025,Gujarat Titans,1,0,1,0,0.0
2025,Kolkata Knight Riders,1,1,0,0,100.0
2025,Lucknow Super Giants,1,1,0,0,100.0
2025,Mumbai Indians,1,1,0,0,100.0
2025,Sunrisers Hyderabad,1,0,1,0,0.0
2026,Gujarat Titans,4,3,1,0,75.0
2026,Delhi Capitals,2,1,1,0,50.0
2026,Lucknow Super Giants,2,1,1,0,50.0
2026,Mumbai Indians,2,2,0,0,100.0
2026,Sunrisers Hyderabad,2,1,1,0,50.0
2026,Chennai Super Kings,1,1,0,0,100.0
2026,Kolkata Knight Riders,1,1,0,0,100.0
2026,Punjab Kings,1,1,0,0,100.0
2026,Rajasthan Royals,1,0,1,0,0.0
