season,venue,matches,wins,losses,no_results,runs,win_pct,loss_pct
2007/08,M Chinnaswamy Stadium,7,1,6,0,873,14.29,85.71
2007/08,Eden Gardens,1,0,1,0,118,0.0,100.0
2007/08,Feroz Shah Kotla,1,0,1,0,169,0.0,100.0
2007/08,"MA Chidambaram Stadium, Chepauk",1,1,0,0,122,100.0,0.0
2007/08,"Punjab Cricket Association Stadium, Mohali",1,0,1,0,128,0.0,100.0
2007/08,"Rajiv Gandhi International Stadium, Uppal",1,1,0,0,168,100.0,0.0
2007/08,Sawai Mansingh Stadium,1,0,1,0,126,0.0,100.0
2007/08,Wankhede Stadium,1,1,0,0,161,100.0,0.0
2009,Kingsmead,4,3,1,0,557,75.0,25.0
2009,New Wanderers Stadium,4,3,1,0,545,75.0,25.0
2009,St George's Park,3,0,3,0,347,0.0,100.0
2009,SuperSport Park,3,2,1,0,435,66.67,33.33
2009,Newlands,2,1,1,0,282,50.0,50.0
2009/10,M Chinnaswamy Stadium,7,4,3,0,1036,57.14,42.86
2009/10,Dr DY Patil Sports Academy,2,1,1,0,222,50.0,50.0
2009/10,Brabourne Stadium,1,1,0,0,153,100.0,0.0
2009/10,Eden Gardens,1,0,1,0,130,0.0,100.0
2009/10,Feroz Shah Kotla,1,0,1,0,145,0.0,100.0
2009/10,"MA Chidambaram Stadium, Chepauk",1,0,1,0,156,0.0,100.0
2009/10,"Punjab Cricket Association Stadium, Mohali",1,1,0,0,174,100.0,0.0
2009/10,Sawai Mansingh Stadium,1,1,0,0,131,100.0,0.0
2009/10,"Vidarbha Cricket Association Stadium, Jamtha",1,0,1,0,125,0.0,100.0
2011,M Chinnaswamy Stadium,6,5,1,0,844,83.33,16.67
2011,"MA Chidambaram Stadium, Chepauk",3,1,2,0,465,33.33,66.67
2011,Eden Gardens,1,1,0,0,170,100.0,0.0
2011,Feroz Shah Kotla,1,1,0,0,143,100.0,0.0
2011,Himachal Pradesh Cricket Association Stadium,1,0,1,0,112,0.0,100.0
2011,Nehru Stadium,1,1,0,0,149,100.0,0.0
2011,"Rajiv Gandhi International Stadium, Uppal",1,0,1,0,134,0.0,100.0
2011,Sawai Mansingh Stadium,1,1,0,0,147,100.0,0.0
2011,Wankhede Stadium,1,0,1,0,161,0.0,100.0
2012,M Chinnaswamy Stadium,7,3,4,0,746,42.86,57.14
2012,Eden Gardens,1,0,1,0,138,0.0,100.0
2012,Feroz Shah Kotla,1,1,0,0,0,100.0,0.0
2012,"MA Chidambaram Stadium, Chepauk",1,0,1,0,189,0.0,100.0
2012,"Punjab Cricket Association Stadium, Mohali",1,1,0,0,158,100.0,0.0
2012,"Rajiv Gandhi International Stadium, Uppal",1,0,1,0,0,0.0,100.0
2012,Sawai Mansingh Stadium,1,1,0,0,170,100.0,0.0
2012,Subrata Roy Sahara Stadium,1,1,0,0,0,100.0,0.0
2012,Wankhede Stadium,1,1,0,0,0,100.0,0.0
2013,M Chinnaswamy Stadium,8,6,1,1,0,75.0,12.5
2013,Feroz Shah Kotla,1,1,0,0,0,100.0,0.0
2013,JSCA International Stadium Complex,1,0,1,0,0,0.0,100.0
2013,"MA Chidambaram Stadium, Chepauk",1,0,1,0,0,0.0,100.0
2013,"Punjab Cricket Association Stadium, Mohali",1,0,1,0,0,0.0,100.0
2013,"Rajiv Gandhi International Stadium, Uppal",1,0,0,1,0,0.0,0.0
2013,Sawai Mansingh Stadium,1,0,1,0,0,0.0,100.0
2013,Subrata Roy Sahara Stadium,1,1,0,0,0,100.0,0.0
2013,Wankhede Stadium,1,0,1,0,0,0.0,100.0
2014,M Chinnaswamy Stadium,5,2,3,0,0,40.0,60.0
2014,Dubai International Cricket Stadium,2,1,1,0,0,50.0,50.0
2014,Sharjah Cricket Stadium,2,1,1,0,0,50.0,50.0
2014,Eden Gardens,1,0,1,0,0,0.0,100.0
2014,JSCA International Stadium Complex,1,1,0,0,0,100.0,0.0
2014,"Rajiv Gandhi International Stadium, Uppal",1,0,1,0,0,0.0,100.0
2014,Sheikh Zayed Stadium,1,0,1,0,0,0.0,100.0
2014,Wankhede Stadium,1,0,1,0,0,0.0,100.0
2015,M Chinnaswamy Stadium,7,2,3,2,0,28.57,42.86
2015,Eden Gardens,1,1,0,0,0,100.0,0.0
2015,Feroz Shah Kotla,1,1,0,0,0,100.0,0.0
2015,JSCA International Stadium Complex,1,0,1,0,0,0.0,100.0
2015,"MA Chidambaram Stadium, Chepauk",1,0,1,0,0,0.0,100.0
2015,Maharashtra Cricket Association Stadium,1,1,0,0,0,100.0,0.0
2015,"Punjab Cricket Association Stadium, Mohali",1,0,1,0,0,0.0,100.0
2015,"Rajiv Gandhi International Stadium, Uppal",1,1,0,0,0,100.0,0.0
2015,"Sardar Patel Stadium, Motera",1,1,0,0,0,100.0,0.0
2015,Wankhede Stadium,1,1,0,0,0,100.0,0.0
2016,M Chinnaswamy Stadium,9,5,4,0,0,55.56,44.44
2016,Eden Gardens,1,1,0,0,0,100.0,0.0
2016,Maharashtra Cricket Association Stadium,1,1,0,0,0,100.0,0.0
2016,"Punjab Cricket Association IS Bindra Stadium, Mohali",1,1,0,0,0,100.0,0.0
2016,"Rajiv Gandhi International Stadium, Uppal",1,0,1,0,0,0.0,100.0
2016,Saurashtra Cricket Association Stadium,1,0,1,0,0,0.0,100.0
2016,Shaheed Veer Narayan Singh International Stadium,1,1,0,0,0,100.0,0.0
2016,Wankhede Stadium,1,0,1,0,0,0.0,100.0
2017,M Chinnaswamy Stadium,6,1,5,0,0,16.67,83.33
2017,Eden Gardens,1,0,1,0,0,0.0,100.0
2017,Feroz Shah Kotla,1,1,0,0,0,100.0,0.0
2017,Holkar Cricket Stadium,1,0,1,0,0,0.0,100.0
2017,Maharashtra Cricket Association Stadium,1,0,1,0,0,0.0,100.0
2017,"Rajiv Gandhi International Stadium, Uppal",1,0,1,0,0,0.0,100.0
2017,Saurashtra Cricket Association Stadium,1,1,0,0,0,100.0,0.0
2017,Wankhede Stadium,1,0,1,0,0,0.0,100.0
2018,M Chinnaswamy Stadium,7,4,3,0,0,57.14,42.86
2018,Arun Jaitley Stadium,1,1,0,0,0,100.0,0.0
2018,Eden Gardens,1,0,1,0,0,0.0,100.0
2018,Holkar Cricket Stadium,1,1,0,0,0,100.0,0.0
2018,Maharashtra Cricket Association Stadium,1,0,1,0,0,0.0,100.0
2018,Rajiv Gandhi International Stadium,1,0,1,0,0,0.0,100.0
2018,Sawai Mansingh Stadium,1,0,1,0,0,0.0,100.0
2018,Wankhede Stadium,1,0,1,0,0,0.0,100.0
2019,M Chinnaswamy Stadium,7,3,3,1,720,42.86,42.86
2019,Arun Jaitley Stadium,1,0,1,0,166,0.0,100.0
2019,Eden Gardens,1,1,0,0,207,100.0,0.0
2019,MA Chidambaram Stadium,1,0,1,0,0,0.0,100.0
2019,Punjab Cricket Association IS Bindra Stadium,1,1,0,0,173,100.0,0.0
2019,Rajiv Gandhi International Stadium,1,0,1,0,0,0.0,100.0
2019,Sawai Mansingh Stadium,1,0,1,0,0,0.0,100.0
2019,Wankhede Stadium,1,0,1,0,163,0.0,100.0
2020/21,Dubai International Cricket Stadium,7,3,3,1,1045,42.86,42.86
2020/21,Sheikh Zayed Stadium,5,2,3,0,671,40.0,60.0
2020/21,Sharjah Cricket Stadium,3,1,2,0,453,33.33,66.67
2021,Dubai International Cricket Stadium,3,3,0,0,0,100.0,0.0
2021,"MA Chidambaram Stadium, Chepauk, Chennai",3,3,0,0,483,100.0,0.0
2021,Sharjah Cricket Stadium,3,1,2,0,154,33.33,66.67
2021,"Narendra Modi Stadium, Ahmedabad",2,1,1,0,303,50.0,50.0
2021,"Wankhede Stadium, Mumbai",2,1,1,0,287,50.0,50.0
2021,"Zayed Cricket Stadium, Abu Dhabi",2,0,2,0,86,0.0,100.0
2022,"Dr DY Patil Sports Academy, Mumbai",4,2,2,0,0,50.0,50.0
2022,"Wankhede Stadium, Mumbai",4,4,0,0,0,100.0,0.0
2022,"Brabourne Stadium, Mumbai",3,0,3,0,0,0.0,100.0
2022,"Maharashtra Cricket Association Stadium, Pune",3,2,1,0,0,66.67,33.33
2022,"Eden Gardens, Kolkata",1,1,0,0,0,100.0,0.0
2022,"Narendra Modi Stadium, Ahmedabad",1,0,1,0,0,0.0,100.0
2023,M Chinnaswamy Stadium,7,3,4,0,0,42.86,57.14
2023,"Arun Jaitley Stadium, Delhi",1,0,1,0,0,0.0,100.0
2023,"Bharat Ratna Shri Atal Bihari Vajpayee Ekana Cricket Stadium, Lucknow",1,1,0,0,0,100.0,0.0
2023,"Eden Gardens, Kolkata",1,0,1,0,0,0.0,100.0
2023,"Punjab Cricket Association IS Bindra Stadium, Mohali, Chandigarh",1,1,0,0,0,100.0,0.0
2023,"Rajiv Gandhi International Stadium, Uppal, Hyderabad",1,1,0,0,0,100.0,0.0
2023,"Sawai Mansingh Stadium, Jaipur",1,1,0,0,0,100.0,0.0
2023,"Wankhede Stadium, Mumbai",1,0,1,0,0,0.0,100.0
2024,M Chinnaswamy Stadium,7,4,3,0,0,57.14,42.86
2024,"Narendra Modi Stadium, Ahmedabad",2,1,1,0,0,50.0,50.0
2024,"Eden Gardens, Kolkata",1,0,1,0,0,0.0,100.0
2024,"Himachal Pradesh Cricket Association Stadium, Dharamsala",1,1,0,0,0,100.0,0.0
2024,"MA Chidambaram Stadium, Chepauk, Chennai",1,0,1,0,0,0.0,100.0
2024,"Rajiv Gandhi International Stadium, Uppal, Hyderabad",1,1,0,0,0,100.0,0.0
2024,"Sawai Mansingh Stadium, Jaipur",1,0,1,0,0,0.0,100.0
2024,"Wankhede Stadium, Mumbai",1,0,1,0,0,0.0,100.0
2025,M Chinnaswamy Stadium,5,2,3,0,491,40.0,60.0
2025,"Bharat Ratna Shri Atal Bihari Vajpayee Ekana Cricket Stadium, Lucknow",2,1,1,0,397,50.0,50.0
2025,"Maharaja Yadavindra Singh International Cricket Stadium, Mullanpur",2,2,0,0,260,100.0,0.0
2025,"Arun Jaitley Stadium, Delhi",1,1,0,0,161,100.0,0.0
2025,"Eden Gardens, Kolkata",1,1,0,0,0,100.0,0.0
2025,"MA Chidambaram Stadium, Chepauk, Chennai",1,1,0,0,0,100.0,0.0
2025,"Narendra Modi Stadium, Ahmedabad",1,1,0,0,181,100.0,0.0
2025,"Sawai Mansingh Stadium, Jaipur",1,1,0,0,0,100.0,0.0
2025,"Wankhede Stadium, Mumbai",1,1,0,0,0,100.0,0.0
2026,M Chinnaswamy Stadium,5,4,1,0,936,80.0,20.0
2026,"Himachal Pradesh Cricket Association Stadium, Dharamsala",2,2,0,0,462,100.0,0.0
2026,"Narendra Modi Stadium, Ahmedabad",2,1,1,0,309,50.0,50.0
2026,"Shaheed Veer Narayan Singh International Stadium, Raipur",2,2,0,0,332,100.0,0.0
2026,"Arun Jaitley Stadium, Delhi",1,1,0,0,77,100.0,0.0
2026,"Barsapara Cricket Stadium, Guwahati",1,0,1,0,188,0.0,100.0
2026,"Bharat Ratna Shri Atal Bihari Vajpayee Ekana Cricket Stadium, Lucknow",1,0,1,0,191,0.0,100.0
2026,"Rajiv Gandhi International Stadium, Uppal, Hyderabad",1,0,1,0,192,0.0,100.0
2026,"Wankhede Stadium, Mumbai",1,1,0,0,227,100.0,0.0
