season,player,team,transaction_type,price_crore,price_source
2008,Jacques Kallis,Royal Challengers Bangalore,Auction,3.60,IPLT20stats
2008,Rahul Dravid,Royal Challengers Bangalore,Icon Player,2.28,IPLT20stats
2008,Anil Kumble,Royal Challengers Bangalore,Auction,2.00,IPLT20stats
2008,Praveen Kumar,Royal Challengers Bangalore,Auction,1.60,IPLT20stats
2008,Zaheer Khan,Royal Challengers Bangalore,Auction,1.50,IPLT20stats
2008,Dale Steyn,Royal Challengers Bangalore,Auction,1.20,IPLT20stats
2008,Cameron White,Royal Challengers Bangalore,Auction,1.10,IPLT20stats
2008,Ross Taylor,Royal Challengers Bangalore,Auction,0.50,IPLT20stats
2008,Ashley Noffke,Royal Challengers Bangalore,Auction,0.45,IPLT20stats
2008,Mark Boucher,Royal Challengers Bangalore,Auction,0.45,IPLT20stats
2008,Wasim Jaffer,Royal Challengers Bangalore,Auction,0.45,IPLT20stats
2008,Shivnarine Chanderpaul,Royal Challengers Bangalore,Auction,0.32,IPLT20stats
2008,Abdur Razzak,Royal Challengers Bangalore,Auction,0.29,IPLT20stats
2008,Bharat Chipli,Royal Challengers Bangalore,Auction,0.20,IPLT20stats
2008,Devraj Patil,Royal Challengers Bangalore,Auction,0.20,IPLT20stats
2008,Jagadeesh Arunkumar,Royal Challengers Bangalore,Auction,0.20,IPLT20stats
2008,Sunil Joshi,Royal Challengers Bangalore,Auction,0.20,IPLT20stats
2008,Misbah-ul-Haq,Royal Challengers Bangalore,Auction,0.18,IPLT20stats
2008,Balachandra Akhil,Royal Challengers Bangalore,Auction,0.15,IPLT20stats
2008,Vinay Kumar,Royal Challengers Bangalore,Auction,0.12,IPLT20stats
2008,Virat Kohli,Royal Challengers Bangalore,U19 Draft,0.12,IPLT20stats
2008,Shreevats Goswami,Royal Challengers Bangalore,Auction,0.10,IPLT20stats